Page ascore,Source title,Source url,Target url,Anchor,External links,Internal links,Nofollow,Sponsored,Ugc,Text,Frame,Form,Image,First seen,Last seen,New link,Lost link,Referring Domain
26,Letz Design Landscape (letzdesignlandscape) - Profile | Pinterest,https://www.pinterest.com/letzdesignlandscape/,http://www.letzdesign.com/,letzdesign.com ; Opens a new tab,1,6,False,False,False,True,False,False,False,2023-10-02,2025-03-27,False,False,pinterest.com
24,Purple+Tree - Search Images,https://akam.bing.com/images/search?q=Purple%2BTree&qft,https://letzdesign.com/2014/03/12/purple-tree-san-diego/,letzdesign.com,35,328,False,False,False,True,False,False,False,2024-03-20,2025-01-31,False,True,akam.bing.com
23,Purple+Trees - Search Images,https://akam.bing.com/images/search?FORM=FRSIRP&q=Purple%2BTrees,https://letzdesign.com/2014/03/12/purple-tree-san-diego/,letzdesign.com,42,410,False,False,False,True,False,False,False,2024-08-31,2024-11-26,False,False,akam.bing.com
23,Purple+Tree - Αναζήτηση Εικόνες,https://akam.bing.com/images/search?FORM=IRFLTR&q=Purple%2BTree&qft,https://letzdesign.com/2014/03/12/purple-tree-san-diego/,letzdesign.com,37,169,False,False,False,True,False,False,False,2024-11-09,2024-11-09,False,False,akam.bing.com
23,Purple+Trees - Αναζήτηση Εικόνες,https://akam.bing.com/images/search?FORM=IRFLTR&q=Purple%2BTrees&qft,https://letzdesign.com/2014/03/12/purple-tree-san-diego/,letzdesign.com,38,164,False,False,False,True,False,False,False,2024-09-12,2024-12-08,False,False,akam.bing.com
23,gogero - Search Images,https://www.bing.com/images/results.aspx?q=gogero,https://letzdesign.com/2014/07/22/gopher-issues-san-diego-landscapes/,letzdesign.com,40,172,False,False,False,True,False,False,False,2024-12-01,2025-03-28,False,True,bing.com
22,g0lear - Search Images,https://www.bing.com/images/results.aspx?q=g0lear,https://letzdesign.com/2014/07/22/gopher-issues-san-diego-landscapes/,letzdesign.com,42,171,False,False,False,True,False,False,False,2025-01-15,2025-02-27,False,True,bing.com
22,gograr - Search Images,https://www.bing.com/images/results.aspx?q=gograr,https://letzdesign.com/2014/07/22/gopher-issues-san-diego-landscapes/,letzdesign.com,41,168,False,False,False,True,False,False,False,2025-02-04,2025-03-23,False,True,bing.com
12,ElderHelp of San Diego | Powered By GiveSmart,https://e.givesmart.com/events/kEh/i/_Art/,http://www.letzdesign.com/,Letz Design Landscape,4,79,False,False,False,True,False,False,False,2024-08-20,2025-01-10,False,False,e.givesmart.com
12,ElderHelp of San Diego | Powered By GiveSmart,https://e.givesmart.com/events/kEh/i/_Auction/,http://www.letzdesign.com/,Letz Design Landscape,39,161,False,False,False,True,False,False,False,2024-09-17,2025-02-23,False,False,e.givesmart.com
10,Guide to xeriscaping: what is xeriscaping and how to use it | Gardeningetc,https://www.gardeningetc.com/advice/xeriscaping,https://letzdesign.com/,Letz Design Landscape,29,66,False,False,False,True,False,False,False,2024-08-18,2025-05-02,False,False,gardeningetc.com
7,Technical Issues & Security - Page 19,https://forums.hostsearch.com/forumdisplay.php?35-Technical-Issues-amp-Security%2Fpage19&order=desc&sort=lastpost,http://www.letzdesign.com/,Visit Homepage,15,200,False,False,False,True,False,False,False,2024-08-17,2024-11-02,False,True,forums.hostsearch.com
7,Technical Issues & Security - Page 20,https://forums.hostsearch.com/forumdisplay.php?35-Technical-Issues-amp-Security%2Fpage20,http://www.letzdesign.com/,Visit Homepage,18,210,False,False,False,True,False,False,False,2024-09-20,2024-11-15,False,True,forums.hostsearch.com
7,Technical Issues & Security - Page 21,https://forums.hostsearch.com/forumdisplay.php?35-Technical-Issues-amp-Security%2Fpage21,http://www.letzdesign.com/,Visit Homepage,16,199,False,False,False,True,False,False,False,2024-11-10,2025-01-05,False,True,forums.hostsearch.com
7,Technical Issues & Security - Page 22,https://forums.hostsearch.com/forumdisplay.php?35-Technical-Issues-amp-Security%2Fpage22,http://www.letzdesign.com/,Visit Homepage,16,199,False,False,False,True,False,False,False,2024-12-21,2025-02-17,False,True,forums.hostsearch.com
7,Technical Issues & Security - Page 25,https://forums.hostsearch.com/forumdisplay.php?35-Technical-Issues-amp-Security%2Fpage25,http://www.letzdesign.com/,Visit Homepage,18,239,False,False,False,True,False,False,False,2025-02-10,2025-04-02,False,True,forums.hostsearch.com
7,Technical Issues & Security - Page 27,https://forums.hostsearch.com/forumdisplay.php?35-Technical-Issues-amp-Security%2Fpage27,http://www.letzdesign.com/,Visit Homepage,18,218,False,False,False,True,False,False,False,2025-03-28,2025-03-28,False,False,forums.hostsearch.com
7,View Profile: robertclark1 - HostSearch Forums,https://forums.hostsearch.com/member.php?140020-robertclark1,http://www.letzdesign.com/landscaping-ideas/,Landscaping ideas for small yards,8,51,False,False,False,True,False,False,False,2024-07-09,2025-04-19,False,False,forums.hostsearch.com
7,View Profile: robertclark1 - HostSearch Forums,https://forums.hostsearch.com/member.php?140020-robertclark1,http://www.letzdesign.com/,Landscape Designer San Diego,8,51,False,False,False,True,False,False,False,2025-02-25,2025-04-19,False,False,forums.hostsearch.com
7,View Profile: robertclark1 - HostSearch Forums,https://forums.hostsearch.com/member.php?140020-robertclark1,http://www.letzdesign.com/,http://www.letzdesign.com/,8,51,False,False,False,True,False,False,False,2025-02-25,2025-04-19,False,False,forums.hostsearch.com
7,View Profile: robertclark1 - HostSearch Forums,https://forums.hostsearch.com/member.php?140020-robertclark1,http://www.letzdesign.com/,Home Page Home Page,8,51,False,False,False,False,False,False,True,2025-02-25,2025-04-19,False,False,forums.hostsearch.com
7,View Profile: robertclark1 - HostSearch Forums,https://forums.hostsearch.com/member.php?140020-robertclark1,http://www.letzdesign.com/landscaping-company-san-diego/water-wise-landscape-xeriscape/,Xeriscape plants for San Dieg,8,51,False,False,False,True,False,False,False,2025-02-25,2025-04-19,False,False,forums.hostsearch.com
7,View Profile: robertclark1 - HostSearch Forums,https://forums.hostsearch.com/member.php?140020-robertclark1&tab=aboutme,http://www.letzdesign.com/landscaping-ideas/,Landscaping ideas for small yards,8,51,False,False,False,True,False,False,False,2024-06-21,2025-04-04,False,False,forums.hostsearch.com
7,View Profile: robertclark1 - HostSearch Forums,https://forums.hostsearch.com/member.php?140020-robertclark1&tab=aboutme,http://www.letzdesign.com/landscaping-company-san-diego/water-wise-landscape-xeriscape/,Xeriscape plants for San Dieg,8,51,False,False,False,True,False,False,False,2024-10-29,2025-04-04,False,False,forums.hostsearch.com
7,View Profile: robertclark1 - HostSearch Forums,https://forums.hostsearch.com/member.php?140020-robertclark1&tab=aboutme,http://www.letzdesign.com/,Home Page Home Page,8,51,False,False,False,False,False,False,True,2024-08-23,2025-04-04,False,False,forums.hostsearch.com
7,View Profile: robertclark1 - HostSearch Forums,https://forums.hostsearch.com/member.php?140020-robertclark1&tab=aboutme,http://www.letzdesign.com/,http://www.letzdesign.com/,8,51,False,False,False,True,False,False,False,2024-08-23,2025-04-04,False,False,forums.hostsearch.com
7,View Profile: robertclark1 - HostSearch Forums,https://forums.hostsearch.com/member.php?140020-robertclark1&tab=aboutme,http://www.letzdesign.com/,Landscape Designer San Diego,8,51,False,False,False,True,False,False,False,2024-08-23,2025-04-04,False,False,forums.hostsearch.com
7,View Profile: robertclark1 - HostSearch Forums,https://forums.hostsearch.com/member.php?140020-robertclark1&tab=activitystream,http://www.letzdesign.com/,Home Page Home Page,8,51,False,False,False,False,False,False,True,2024-07-21,2025-05-03,False,False,forums.hostsearch.com
7,View Profile: robertclark1 - HostSearch Forums,https://forums.hostsearch.com/member.php?140020-robertclark1&tab=activitystream,http://www.letzdesign.com/,Landscape Designer San Diego,8,51,False,False,False,True,False,False,False,2024-07-21,2025-05-03,False,False,forums.hostsearch.com
7,View Profile: robertclark1 - HostSearch Forums,https://forums.hostsearch.com/member.php?140020-robertclark1&tab=activitystream,http://www.letzdesign.com/,http://www.letzdesign.com/,8,51,False,False,False,True,False,False,False,2024-07-21,2025-05-03,False,False,forums.hostsearch.com
7,View Profile: robertclark1 - HostSearch Forums,https://forums.hostsearch.com/member.php?140020-robertclark1&tab=activitystream,http://www.letzdesign.com/landscaping-ideas/,Landscaping ideas for small yards,8,51,False,False,False,True,False,False,False,2024-07-21,2025-05-03,False,False,forums.hostsearch.com
7,View Profile: robertclark1 - HostSearch Forums,https://forums.hostsearch.com/member.php?140020-robertclark1&tab=activitystream,http://www.letzdesign.com/landscaping-company-san-diego/water-wise-landscape-xeriscape/,Xeriscape plants for San Dieg,8,51,False,False,False,True,False,False,False,2024-11-30,2025-05-03,False,False,forums.hostsearch.com
7,View Profile: robertclark1 - HostSearch Forums,https://forums.hostsearch.com/member.php?140020-robertclark1&tab=activitystream&type=all,http://www.letzdesign.com/landscaping-ideas/,Landscaping ideas for small yards,8,51,False,False,False,True,False,False,False,2024-07-25,2025-04-15,False,False,forums.hostsearch.com
7,View Profile: robertclark1 - HostSearch Forums,https://forums.hostsearch.com/member.php?140020-robertclark1&tab=activitystream&type=all,http://www.letzdesign.com/landscaping-company-san-diego/water-wise-landscape-xeriscape/,Xeriscape plants for San Dieg,8,51,False,False,False,True,False,False,False,2024-10-11,2025-04-15,False,False,forums.hostsearch.com
7,View Profile: robertclark1 - HostSearch Forums,https://forums.hostsearch.com/member.php?140020-robertclark1&tab=activitystream&type=all,http://www.letzdesign.com/,http://www.letzdesign.com/,8,51,False,False,False,True,False,False,False,2024-10-11,2025-04-15,False,False,forums.hostsearch.com
7,View Profile: robertclark1 - HostSearch Forums,https://forums.hostsearch.com/member.php?140020-robertclark1&tab=activitystream&type=all,http://www.letzdesign.com/,Landscape Designer San Diego,8,51,False,False,False,True,False,False,False,2024-10-11,2025-04-15,False,False,forums.hostsearch.com
7,View Profile: robertclark1 - HostSearch Forums,https://forums.hostsearch.com/member.php?140020-robertclark1&tab=activitystream&type=all,http://www.letzdesign.com/,Home Page Home Page,8,51,False,False,False,False,False,False,True,2024-10-11,2025-04-15,False,False,forums.hostsearch.com
7,View Profile: robertclark1 - HostSearch Forums,https://forums.hostsearch.com/member.php?140020-robertclark1&tab=activitystream&type=friends,http://www.letzdesign.com/landscaping-ideas/,Landscaping ideas for small yards,8,51,False,False,False,True,False,False,False,2024-09-01,2025-02-22,False,False,forums.hostsearch.com
7,View Profile: robertclark1 - HostSearch Forums,https://forums.hostsearch.com/member.php?140020-robertclark1&tab=activitystream&type=friends,http://www.letzdesign.com/landscaping-company-san-diego/water-wise-landscape-xeriscape/,Xeriscape plants for San Dieg,8,51,False,False,False,True,False,False,False,2024-11-20,2025-02-22,False,False,forums.hostsearch.com
7,View Profile: robertclark1 - HostSearch Forums,https://forums.hostsearch.com/member.php?140020-robertclark1&tab=activitystream&type=friends,http://www.letzdesign.com/,http://www.letzdesign.com/,8,51,False,False,False,True,False,False,False,2024-09-01,2025-02-22,False,False,forums.hostsearch.com
7,View Profile: robertclark1 - HostSearch Forums,https://forums.hostsearch.com/member.php?140020-robertclark1&tab=activitystream&type=friends,http://www.letzdesign.com/,Landscape Designer San Diego,8,51,False,False,False,True,False,False,False,2024-09-01,2025-02-22,False,False,forums.hostsearch.com
7,View Profile: robertclark1 - HostSearch Forums,https://forums.hostsearch.com/member.php?140020-robertclark1&tab=activitystream&type=friends,http://www.letzdesign.com/,Home Page Home Page,8,51,False,False,False,False,False,False,True,2024-09-01,2025-02-22,False,False,forums.hostsearch.com
7,View Profile: robertclark1 - HostSearch Forums,https://forums.hostsearch.com/member.php?140020-robertclark1&tab=activitystream&type=photos,http://www.letzdesign.com/landscaping-ideas/,Landscaping ideas for small yards,8,51,False,False,False,True,False,False,False,2024-08-17,2025-02-11,False,False,forums.hostsearch.com
7,View Profile: robertclark1 - HostSearch Forums,https://forums.hostsearch.com/member.php?140020-robertclark1&tab=activitystream&type=photos,http://www.letzdesign.com/landscaping-company-san-diego/water-wise-landscape-xeriscape/,Xeriscape plants for San Dieg,8,51,False,False,False,True,False,False,False,2024-11-05,2025-02-11,False,False,forums.hostsearch.com
7,View Profile: robertclark1 - HostSearch Forums,https://forums.hostsearch.com/member.php?140020-robertclark1&tab=activitystream&type=photos,http://www.letzdesign.com/,Home Page Home Page,8,51,False,False,False,False,False,False,True,2024-08-17,2025-02-11,False,False,forums.hostsearch.com
7,View Profile: robertclark1 - HostSearch Forums,https://forums.hostsearch.com/member.php?140020-robertclark1&tab=activitystream&type=photos,http://www.letzdesign.com/,Landscape Designer San Diego,8,51,False,False,False,True,False,False,False,2024-08-17,2025-02-11,False,False,forums.hostsearch.com
7,View Profile: robertclark1 - HostSearch Forums,https://forums.hostsearch.com/member.php?140020-robertclark1&tab=activitystream&type=photos,http://www.letzdesign.com/,http://www.letzdesign.com/,8,51,False,False,False,True,False,False,False,2024-08-17,2025-02-11,False,False,forums.hostsearch.com
7,WHAT i s SSL VPN?,https://forums.hostsearch.com/showthread.php?38668-WHAT-i-s-SSL-VPN,http://www.letzdesign.com/landscaping-ideas/,Landscaping ideas for small yards,46,132,False,False,False,True,False,False,False,2024-07-22,2025-04-25,False,False,forums.hostsearch.com
7,WHAT i s SSL VPN?,https://forums.hostsearch.com/showthread.php?38668-WHAT-i-s-SSL-VPN,http://www.letzdesign.com/landscaping-company-san-diego/water-wise-landscape-xeriscape/,Xeriscape plants for San Dieg,46,132,False,False,False,True,False,False,False,2024-11-10,2025-04-25,False,False,forums.hostsearch.com
7,WHAT i s SSL VPN?,https://forums.hostsearch.com/showthread.php?38668-WHAT-i-s-SSL-VPN,http://www.letzdesign.com/,Visit Homepage,46,132,False,False,False,True,False,False,False,2024-09-17,2025-04-25,False,False,forums.hostsearch.com
7,WHAT i s SSL VPN?,https://forums.hostsearch.com/showthread.php?38668-WHAT-i-s-SSL-VPN,http://www.letzdesign.com/,Landscape Designer San Diego,46,132,False,False,False,True,False,False,False,2024-09-17,2025-04-25,False,False,forums.hostsearch.com
7,What is Reverse SEO ?,https://forums.hostsearch.com/showthread.php?70938-What-is-Reverse-SEO,http://www.letzdesign.com/landscaping-ideas/,Landscaping ideas for small yards,48,114,False,False,False,True,False,False,False,2024-08-07,2025-04-21,False,False,forums.hostsearch.com
7,What is Reverse SEO ?,https://forums.hostsearch.com/showthread.php?70938-What-is-Reverse-SEO,http://www.letzdesign.com/,Landscape Designer San Diego,48,114,False,False,False,True,False,False,False,2024-08-07,2025-04-21,False,False,forums.hostsearch.com
7,What is Reverse SEO ?,https://forums.hostsearch.com/showthread.php?70938-What-is-Reverse-SEO,http://www.letzdesign.com/,Visit Homepage,48,114,False,False,False,True,False,False,False,2024-08-07,2025-04-21,False,False,forums.hostsearch.com
7,What is Reverse SEO ?,https://forums.hostsearch.com/showthread.php?70938-What-is-Reverse-SEO,http://www.letzdesign.com/landscaping-company-san-diego/water-wise-landscape-xeriscape/,Xeriscape plants for San Dieg,48,114,False,False,False,True,False,False,False,2024-11-15,2025-04-21,False,False,forums.hostsearch.com
7,Increase page rank. - Page 3,https://forums.hostsearch.com/showthread.php?70950-Increase-page-rank%2Fpage3,http://www.letzdesign.com/landscaping-ideas/,Landscaping ideas for small yards,55,137,False,False,False,True,False,False,False,2024-07-20,2025-04-07,False,False,forums.hostsearch.com
7,Increase page rank. - Page 3,https://forums.hostsearch.com/showthread.php?70950-Increase-page-rank%2Fpage3,http://www.letzdesign.com/landscaping-company-san-diego/water-wise-landscape-xeriscape/,Xeriscape plants for San Dieg,55,137,False,False,False,True,False,False,False,2024-11-03,2025-04-07,False,False,forums.hostsearch.com
7,Increase page rank. - Page 3,https://forums.hostsearch.com/showthread.php?70950-Increase-page-rank%2Fpage3,http://www.letzdesign.com/,Visit Homepage,55,137,False,False,False,True,False,False,False,2024-07-20,2025-04-07,False,False,forums.hostsearch.com
7,Increase page rank. - Page 3,https://forums.hostsearch.com/showthread.php?70950-Increase-page-rank%2Fpage3,http://www.letzdesign.com/,Landscape Designer San Diego,55,137,False,False,False,True,False,False,False,2024-07-20,2025-04-07,False,False,forums.hostsearch.com
7,What is difference between seo and smo ? - Page 2,https://forums.hostsearch.com/showthread.php?71492-What-is-difference-between-seo-and-smo%2Fpage2,http://www.letzdesign.com/landscaping-ideas/,Landscaping ideas for small yards,54,123,False,False,False,True,False,False,False,2024-08-08,2025-04-26,False,False,forums.hostsearch.com
7,What is difference between seo and smo ? - Page 2,https://forums.hostsearch.com/showthread.php?71492-What-is-difference-between-seo-and-smo%2Fpage2,http://www.letzdesign.com/landscaping-company-san-diego/water-wise-landscape-xeriscape/,Xeriscape plants for San Dieg,54,123,False,False,False,True,False,False,False,2024-11-11,2025-04-26,False,False,forums.hostsearch.com
7,What is difference between seo and smo ? - Page 2,https://forums.hostsearch.com/showthread.php?71492-What-is-difference-between-seo-and-smo%2Fpage2,http://www.letzdesign.com/,Visit Homepage,54,123,False,False,False,True,False,False,False,2024-09-19,2025-04-26,False,False,forums.hostsearch.com
7,What is difference between seo and smo ? - Page 2,https://forums.hostsearch.com/showthread.php?71492-What-is-difference-between-seo-and-smo%2Fpage2,http://www.letzdesign.com/,Landscape Designer San Diego,54,123,False,False,False,True,False,False,False,2024-09-19,2025-04-26,False,False,forums.hostsearch.com
7,What is Server ? - Page 5,https://forums.hostsearch.com/showthread.php?74184-What-is-Server%2Fpage5,http://www.letzdesign.com/landscaping-ideas/,Landscaping ideas for small yards,39,132,False,False,False,True,False,False,False,2024-07-30,2025-04-15,False,False,forums.hostsearch.com
7,What is Server ? - Page 5,https://forums.hostsearch.com/showthread.php?74184-What-is-Server%2Fpage5,http://www.letzdesign.com/,Landscape Designer San Diego,39,132,False,False,False,True,False,False,False,2024-11-04,2025-04-15,False,False,forums.hostsearch.com
7,What is Server ? - Page 5,https://forums.hostsearch.com/showthread.php?74184-What-is-Server%2Fpage5,http://www.letzdesign.com/,Visit Homepage,39,132,False,False,False,True,False,False,False,2024-11-04,2025-04-15,False,False,forums.hostsearch.com
7,What is Server ? - Page 5,https://forums.hostsearch.com/showthread.php?74184-What-is-Server%2Fpage5,http://www.letzdesign.com/landscaping-company-san-diego/water-wise-landscape-xeriscape/,Xeriscape plants for San Dieg,39,132,False,False,False,True,False,False,False,2024-11-04,2025-04-15,False,False,forums.hostsearch.com
7,What is an IP address? - Page 4,https://forums.hostsearch.com/showthread.php?75521-What-is-an-IP-address%2Fpage4,http://www.letzdesign.com/landscaping-ideas/,Landscaping ideas for small yards,53,131,False,False,False,True,False,False,False,2024-07-08,2025-04-06,False,False,forums.hostsearch.com
7,What is an IP address? - Page 4,https://forums.hostsearch.com/showthread.php?75521-What-is-an-IP-address%2Fpage4,http://www.letzdesign.com/landscaping-company-san-diego/water-wise-landscape-xeriscape/,Xeriscape plants for San Dieg,53,131,False,False,False,True,False,False,False,2024-12-08,2025-04-06,False,False,forums.hostsearch.com
7,What is an IP address? - Page 4,https://forums.hostsearch.com/showthread.php?75521-What-is-an-IP-address%2Fpage4,http://www.letzdesign.com/,Visit Homepage,53,131,False,False,False,True,False,False,False,2024-07-08,2025-04-06,False,False,forums.hostsearch.com
7,What is an IP address? - Page 4,https://forums.hostsearch.com/showthread.php?75521-What-is-an-IP-address%2Fpage4,http://www.letzdesign.com/,Landscape Designer San Diego,53,131,False,False,False,True,False,False,False,2024-07-08,2025-04-06,False,False,forums.hostsearch.com
7,Which is best in CMS and PHP? - Page 3,https://forums.hostsearch.com/showthread.php?79515-Which-is-best-in-CMS-and-PHP%2Fpage3,http://www.letzdesign.com/landscaping-ideas/,Landscaping ideas for small yards,60,136,False,False,False,True,False,False,False,2024-07-20,2025-03-24,False,False,forums.hostsearch.com
7,Which is best in CMS and PHP? - Page 3,https://forums.hostsearch.com/showthread.php?79515-Which-is-best-in-CMS-and-PHP%2Fpage3,http://www.letzdesign.com/landscaping-company-san-diego/water-wise-landscape-xeriscape/,Xeriscape plants for San Dieg,60,136,False,False,False,True,False,False,False,2024-11-03,2025-03-24,False,False,forums.hostsearch.com
7,Which is best in CMS and PHP? - Page 3,https://forums.hostsearch.com/showthread.php?79515-Which-is-best-in-CMS-and-PHP%2Fpage3,http://www.letzdesign.com/,Visit Homepage,60,136,False,False,False,True,False,False,False,2024-09-11,2025-03-24,False,False,forums.hostsearch.com
7,Which is best in CMS and PHP? - Page 3,https://forums.hostsearch.com/showthread.php?79515-Which-is-best-in-CMS-and-PHP%2Fpage3,http://www.letzdesign.com/,Landscape Designer San Diego,60,136,False,False,False,True,False,False,False,2024-09-11,2025-03-24,False,False,forums.hostsearch.com
7,Which is best in CMS and PHP? - Page 4,https://forums.hostsearch.com/showthread.php?79515-Which-is-best-in-CMS-and-PHP%2Fpage4,http://www.letzdesign.com/landscaping-ideas/,Landscaping ideas for small yards,34,100,False,False,False,True,False,False,False,2024-07-23,2025-03-20,False,False,forums.hostsearch.com
7,Which is best in CMS and PHP? - Page 4,https://forums.hostsearch.com/showthread.php?79515-Which-is-best-in-CMS-and-PHP%2Fpage4,http://www.letzdesign.com/landscaping-company-san-diego/water-wise-landscape-xeriscape/,Xeriscape plants for San Dieg,34,100,False,False,False,True,False,False,False,2024-11-06,2025-03-20,False,False,forums.hostsearch.com
7,Which is best in CMS and PHP? - Page 4,https://forums.hostsearch.com/showthread.php?79515-Which-is-best-in-CMS-and-PHP%2Fpage4,http://www.letzdesign.com/,Landscape Designer San Diego,34,100,False,False,False,True,False,False,False,2024-09-14,2025-03-20,False,False,forums.hostsearch.com
7,Which is best in CMS and PHP? - Page 4,https://forums.hostsearch.com/showthread.php?79515-Which-is-best-in-CMS-and-PHP%2Fpage4,http://www.letzdesign.com/,Visit Homepage,34,100,False,False,False,True,False,False,False,2024-09-14,2025-03-20,False,False,forums.hostsearch.com
7,What is the meaning of competitive analysis?,https://forums.hostsearch.com/showthread.php?81192-What-is-the-meaning-of-competitive-analysis,http://www.letzdesign.com/,Visit Homepage,61,105,False,False,False,True,False,False,False,2024-06-20,2025-04-16,False,False,forums.hostsearch.com
7,What is the meaning of competitive analysis?,https://forums.hostsearch.com/showthread.php?81192-What-is-the-meaning-of-competitive-analysis,http://www.letzdesign.com/,Landscape Designer San Diego,61,105,False,False,False,True,False,False,False,2024-06-20,2025-04-16,False,False,forums.hostsearch.com
7,What is the meaning of competitive analysis?,https://forums.hostsearch.com/showthread.php?81192-What-is-the-meaning-of-competitive-analysis,http://www.letzdesign.com/landscaping-ideas/,Landscaping ideas for small yards,61,105,False,False,False,True,False,False,False,2024-06-20,2025-04-16,False,False,forums.hostsearch.com
7,What is the meaning of competitive analysis?,https://forums.hostsearch.com/showthread.php?81192-What-is-the-meaning-of-competitive-analysis,http://www.letzdesign.com/landscaping-company-san-diego/water-wise-landscape-xeriscape/,Xeriscape plants for San Dieg,61,105,False,False,False,True,False,False,False,2024-10-06,2025-04-16,False,False,forums.hostsearch.com
7,What is H1 Tag? - Page 2,https://forums.hostsearch.com/showthread.php?82006-What-is-H1-Tag%2Fpage2,http://www.letzdesign.com/landscaping-ideas/,Landscaping ideas for small yards,57,107,False,False,False,True,False,False,False,2024-07-15,2025-04-05,False,False,forums.hostsearch.com
7,What is H1 Tag? - Page 2,https://forums.hostsearch.com/showthread.php?82006-What-is-H1-Tag%2Fpage2,http://www.letzdesign.com/landscaping-company-san-diego/water-wise-landscape-xeriscape/,Xeriscape plants for San Dieg,57,107,False,False,False,True,False,False,False,2024-10-29,2025-04-05,False,False,forums.hostsearch.com
7,What is H1 Tag? - Page 2,https://forums.hostsearch.com/showthread.php?82006-What-is-H1-Tag%2Fpage2,http://www.letzdesign.com/,Landscape Designer San Diego,57,107,False,False,False,True,False,False,False,2024-07-15,2025-04-05,False,False,forums.hostsearch.com
7,What is H1 Tag? - Page 2,https://forums.hostsearch.com/showthread.php?82006-What-is-H1-Tag%2Fpage2,http://www.letzdesign.com/,Visit Homepage,57,107,False,False,False,True,False,False,False,2024-07-15,2025-04-05,False,False,forums.hostsearch.com
7,What is the best benefit of SMO?,https://forums.hostsearch.com/showthread.php?82052-What-is-the-best-benefit-of-SMO,http://www.letzdesign.com/,Landscape Designer San Diego,48,133,False,False,False,True,False,False,False,2024-06-20,2025-03-14,False,False,forums.hostsearch.com
7,What is the best benefit of SMO?,https://forums.hostsearch.com/showthread.php?82052-What-is-the-best-benefit-of-SMO,http://www.letzdesign.com/landscaping-ideas/,Landscaping ideas for small yards,48,133,False,False,False,True,False,False,False,2024-06-20,2025-03-14,False,False,forums.hostsearch.com
7,What is the best benefit of SMO?,https://forums.hostsearch.com/showthread.php?82052-What-is-the-best-benefit-of-SMO,http://www.letzdesign.com/,Visit Homepage,48,133,False,False,False,True,False,False,False,2024-06-20,2025-03-14,False,False,forums.hostsearch.com
7,What is the best benefit of SMO?,https://forums.hostsearch.com/showthread.php?82052-What-is-the-best-benefit-of-SMO,http://www.letzdesign.com/landscaping-company-san-diego/water-wise-landscape-xeriscape/,Xeriscape plants for San Dieg,48,133,False,False,False,True,False,False,False,2024-09-30,2025-03-14,False,False,forums.hostsearch.com
7,What is Classified Ads? - Page 2,https://forums.hostsearch.com/showthread.php?82437-What-is-Classified-Ads%2Fpage2,http://www.letzdesign.com/landscaping-ideas/,Landscaping ideas for small yards,46,117,False,False,False,True,False,False,False,2024-06-22,2025-03-16,False,False,forums.hostsearch.com
7,What is Classified Ads? - Page 2,https://forums.hostsearch.com/showthread.php?82437-What-is-Classified-Ads%2Fpage2,http://www.letzdesign.com/,Visit Homepage,46,117,False,False,False,True,False,False,False,2024-10-03,2025-03-16,False,False,forums.hostsearch.com
7,What is Classified Ads? - Page 2,https://forums.hostsearch.com/showthread.php?82437-What-is-Classified-Ads%2Fpage2,http://www.letzdesign.com/,Landscape Designer San Diego,46,117,False,False,False,True,False,False,False,2024-10-03,2025-03-16,False,False,forums.hostsearch.com
7,What is Classified Ads? - Page 2,https://forums.hostsearch.com/showthread.php?82437-What-is-Classified-Ads%2Fpage2,http://www.letzdesign.com/landscaping-company-san-diego/water-wise-landscape-xeriscape/,Xeriscape plants for San Dieg,46,117,False,False,False,True,False,False,False,2024-10-03,2025-03-16,False,False,forums.hostsearch.com
7,What are the SEO tools do you use?,https://forums.hostsearch.com/showthread.php?82530-What-are-the-SEO-tools-do-you-use,http://www.letzdesign.com/landscaping-ideas/,Landscaping ideas for small yards,63,130,False,False,False,True,False,False,False,2024-07-07,2025-03-15,False,False,forums.hostsearch.com
7,What are the SEO tools do you use?,https://forums.hostsearch.com/showthread.php?82530-What-are-the-SEO-tools-do-you-use,http://www.letzdesign.com/landscaping-company-san-diego/water-wise-landscape-xeriscape/,Xeriscape plants for San Dieg,63,130,False,False,False,True,False,False,False,2024-11-22,2025-03-15,False,False,forums.hostsearch.com
7,What are the SEO tools do you use?,https://forums.hostsearch.com/showthread.php?82530-What-are-the-SEO-tools-do-you-use,http://www.letzdesign.com/,Visit Homepage,63,130,False,False,False,True,False,False,False,2024-08-29,2025-03-15,False,False,forums.hostsearch.com
7,What are the SEO tools do you use?,https://forums.hostsearch.com/showthread.php?82530-What-are-the-SEO-tools-do-you-use,http://www.letzdesign.com/,Landscape Designer San Diego,63,130,False,False,False,True,False,False,False,2024-08-29,2025-03-15,False,False,forums.hostsearch.com
7,What does DOCTYPE mean?,https://forums.hostsearch.com/showthread.php?82676-What-does-DOCTYPE-mean,http://www.letzdesign.com/landscaping-ideas/,Landscaping ideas for small yards,64,125,False,False,False,True,False,False,False,2024-08-15,2025-04-24,False,False,forums.hostsearch.com
7,What does DOCTYPE mean?,https://forums.hostsearch.com/showthread.php?82676-What-does-DOCTYPE-mean,http://www.letzdesign.com/,Landscape Designer San Diego,64,125,False,False,False,True,False,False,False,2024-09-29,2025-04-24,False,False,forums.hostsearch.com
7,What does DOCTYPE mean?,https://forums.hostsearch.com/showthread.php?82676-What-does-DOCTYPE-mean,http://www.letzdesign.com/landscaping-company-san-diego/water-wise-landscape-xeriscape/,Xeriscape plants for San Dieg,64,125,False,False,False,True,False,False,False,2024-09-29,2025-04-24,False,False,forums.hostsearch.com
7,What does DOCTYPE mean?,https://forums.hostsearch.com/showthread.php?82676-What-does-DOCTYPE-mean,http://www.letzdesign.com/,Visit Homepage,64,125,False,False,False,True,False,False,False,2024-09-29,2025-04-24,False,False,forums.hostsearch.com
7,Spam Technique,https://forums.hostsearch.com/showthread.php?82791-Spam-Technique,http://www.letzdesign.com/landscaping-ideas/,Landscaping ideas for small yards,57,105,False,False,False,True,False,False,False,2024-07-23,2025-03-25,False,False,forums.hostsearch.com
7,Spam Technique,https://forums.hostsearch.com/showthread.php?82791-Spam-Technique,http://www.letzdesign.com/landscaping-company-san-diego/water-wise-landscape-xeriscape/,Xeriscape plants for San Dieg,57,105,False,False,False,True,False,False,False,2024-11-06,2025-03-25,False,False,forums.hostsearch.com
7,Spam Technique,https://forums.hostsearch.com/showthread.php?82791-Spam-Technique,http://www.letzdesign.com/,Visit Homepage,57,105,False,False,False,True,False,False,False,2024-05-25,2025-03-25,False,False,forums.hostsearch.com
7,Spam Technique,https://forums.hostsearch.com/showthread.php?82791-Spam-Technique,http://www.letzdesign.com/,Landscape Designer San Diego,57,105,False,False,False,True,False,False,False,2024-05-25,2025-03-25,False,False,forums.hostsearch.com
7,Seo for blog,https://forums.hostsearch.com/showthread.php?82933-Seo-for-blog,http://www.letzdesign.com/landscaping-ideas/,Landscaping ideas for small yards,25,83,False,False,False,True,False,False,False,2024-07-28,2025-04-11,False,False,forums.hostsearch.com
7,Seo for blog,https://forums.hostsearch.com/showthread.php?82933-Seo-for-blog,http://www.letzdesign.com/landscaping-company-san-diego/water-wise-landscape-xeriscape/,Xeriscape plants for San Dieg,25,83,False,False,False,True,False,False,False,2024-10-30,2025-04-11,False,False,forums.hostsearch.com
7,Seo for blog,https://forums.hostsearch.com/showthread.php?82933-Seo-for-blog,http://www.letzdesign.com/,Landscape Designer San Diego,25,83,False,False,False,True,False,False,False,2024-09-09,2025-04-11,False,False,forums.hostsearch.com
7,Seo for blog,https://forums.hostsearch.com/showthread.php?82933-Seo-for-blog,http://www.letzdesign.com/,Visit Homepage,25,83,False,False,False,True,False,False,False,2024-09-09,2025-04-11,False,False,forums.hostsearch.com
7,What Is Image Sharing In Seo?,https://forums.hostsearch.com/showthread.php?83112-What-Is-Image-Sharing-In-Seo,http://www.letzdesign.com/landscaping-ideas/,Landscaping ideas for small yards,60,131,False,False,False,True,False,False,False,2024-06-25,2025-04-17,False,False,forums.hostsearch.com
7,What Is Image Sharing In Seo?,https://forums.hostsearch.com/showthread.php?83112-What-Is-Image-Sharing-In-Seo,http://www.letzdesign.com/landscaping-company-san-diego/water-wise-landscape-xeriscape/,Xeriscape plants for San Dieg,60,131,False,False,False,True,False,False,False,2024-11-06,2025-04-17,False,False,forums.hostsearch.com
7,What Is Image Sharing In Seo?,https://forums.hostsearch.com/showthread.php?83112-What-Is-Image-Sharing-In-Seo,http://www.letzdesign.com/,Visit Homepage,60,131,False,False,False,True,False,False,False,2024-05-28,2025-04-17,False,False,forums.hostsearch.com
7,What Is Image Sharing In Seo?,https://forums.hostsearch.com/showthread.php?83112-What-Is-Image-Sharing-In-Seo,http://www.letzdesign.com/,Landscape Designer San Diego,60,131,False,False,False,True,False,False,False,2024-05-28,2025-04-17,False,False,forums.hostsearch.com
7,what is Cohort analysis?,https://forums.hostsearch.com/showthread.php?83307-what-is-Cohort-analysis,http://www.letzdesign.com/landscaping-ideas/,Landscaping ideas for small yards,29,89,False,False,False,True,False,False,False,2024-07-04,2025-04-07,False,False,forums.hostsearch.com
7,what is Cohort analysis?,https://forums.hostsearch.com/showthread.php?83307-what-is-Cohort-analysis,http://www.letzdesign.com/landscaping-company-san-diego/water-wise-landscape-xeriscape/,Xeriscape plants for San Dieg,29,89,False,False,False,True,False,False,False,2024-12-05,2025-04-07,False,False,forums.hostsearch.com
7,what is Cohort analysis?,https://forums.hostsearch.com/showthread.php?83307-what-is-Cohort-analysis,http://www.letzdesign.com/,Visit Homepage,29,89,False,False,False,True,False,False,False,2024-12-05,2025-04-07,False,False,forums.hostsearch.com
7,what is Cohort analysis?,https://forums.hostsearch.com/showthread.php?83307-what-is-Cohort-analysis,http://www.letzdesign.com/,Landscape Designer San Diego,29,89,False,False,False,True,False,False,False,2024-12-05,2025-04-07,False,False,forums.hostsearch.com
7,What is Guerrilla marketing in SEO ?,https://forums.hostsearch.com/showthread.php?83479-What-is-Guerrilla-marketing-in-SEO,http://www.letzdesign.com/landscaping-ideas/,Landscaping ideas for small yards,42,110,False,False,False,True,False,False,False,2024-06-27,2025-03-13,False,False,forums.hostsearch.com
7,What is Guerrilla marketing in SEO ?,https://forums.hostsearch.com/showthread.php?83479-What-is-Guerrilla-marketing-in-SEO,http://www.letzdesign.com/landscaping-company-san-diego/water-wise-landscape-xeriscape/,Xeriscape plants for San Dieg,42,110,False,False,False,True,False,False,False,2024-10-15,2025-03-13,False,False,forums.hostsearch.com
7,What is Guerrilla marketing in SEO ?,https://forums.hostsearch.com/showthread.php?83479-What-is-Guerrilla-marketing-in-SEO,http://www.letzdesign.com/,Visit Homepage,42,110,False,False,False,True,False,False,False,2024-08-19,2025-03-13,False,False,forums.hostsearch.com
7,What is Guerrilla marketing in SEO ?,https://forums.hostsearch.com/showthread.php?83479-What-is-Guerrilla-marketing-in-SEO,http://www.letzdesign.com/,Landscape Designer San Diego,42,110,False,False,False,True,False,False,False,2024-08-19,2025-03-13,False,False,forums.hostsearch.com
7,what is TM?,https://forums.hostsearch.com/showthread.php?83482-what-is-TM,http://www.letzdesign.com/landscaping-ideas/,Landscaping ideas for small yards,54,108,False,False,False,True,False,False,False,2024-07-08,2025-03-31,False,False,forums.hostsearch.com
7,what is TM?,https://forums.hostsearch.com/showthread.php?83482-what-is-TM,http://www.letzdesign.com/landscaping-company-san-diego/water-wise-landscape-xeriscape/,Xeriscape plants for San Dieg,54,108,False,False,False,True,False,False,False,2024-10-14,2025-03-31,False,False,forums.hostsearch.com
7,what is TM?,https://forums.hostsearch.com/showthread.php?83482-what-is-TM,http://www.letzdesign.com/,Visit Homepage,54,108,False,False,False,True,False,False,False,2024-10-14,2025-03-31,False,False,forums.hostsearch.com
7,what is TM?,https://forums.hostsearch.com/showthread.php?83482-what-is-TM,http://www.letzdesign.com/,Landscape Designer San Diego,54,108,False,False,False,True,False,False,False,2024-10-14,2025-03-31,False,False,forums.hostsearch.com
7,What is SEM benefit? - Page 2,https://forums.hostsearch.com/showthread.php?83488-What-is-SEM-benefit%2Fpage2,http://www.letzdesign.com/landscaping-ideas/,Landscaping ideas for small yards,78,137,False,False,False,True,False,False,False,2024-07-15,2025-03-30,False,False,forums.hostsearch.com
7,What is SEM benefit? - Page 2,https://forums.hostsearch.com/showthread.php?83488-What-is-SEM-benefit%2Fpage2,http://www.letzdesign.com/landscaping-company-san-diego/water-wise-landscape-xeriscape/,Xeriscape plants for San Dieg,78,137,False,False,False,True,False,False,False,2024-10-28,2025-03-30,False,False,forums.hostsearch.com
7,What is SEM benefit? - Page 2,https://forums.hostsearch.com/showthread.php?83488-What-is-SEM-benefit%2Fpage2,http://www.letzdesign.com/,Landscape Designer San Diego,78,137,False,False,False,True,False,False,False,2024-09-05,2025-03-30,False,False,forums.hostsearch.com
7,What is SEM benefit? - Page 2,https://forums.hostsearch.com/showthread.php?83488-What-is-SEM-benefit%2Fpage2,http://www.letzdesign.com/,Visit Homepage,78,137,False,False,False,True,False,False,False,2024-09-05,2025-03-30,False,False,forums.hostsearch.com
7,How to Secure my Website?,https://forums.hostsearch.com/showthread.php?83509-How-to-Secure-my-Website,http://www.letzdesign.com/landscaping-ideas/,Landscaping ideas for small yards,42,133,False,False,False,True,False,False,False,2024-06-27,2025-05-03,False,False,forums.hostsearch.com
7,How to Secure my Website?,https://forums.hostsearch.com/showthread.php?83509-How-to-Secure-my-Website,http://www.letzdesign.com/landscaping-company-san-diego/water-wise-landscape-xeriscape/,Xeriscape plants for San Dieg,42,133,False,False,False,True,False,False,False,2024-10-13,2025-05-03,False,False,forums.hostsearch.com
7,How to Secure my Website?,https://forums.hostsearch.com/showthread.php?83509-How-to-Secure-my-Website,http://www.letzdesign.com/,Landscape Designer San Diego,42,133,False,False,False,True,False,False,False,2024-08-19,2025-05-03,False,False,forums.hostsearch.com
7,How to Secure my Website?,https://forums.hostsearch.com/showthread.php?83509-How-to-Secure-my-Website,http://www.letzdesign.com/,Visit Homepage,42,133,False,False,False,True,False,False,False,2024-08-19,2025-05-03,False,False,forums.hostsearch.com
7,301 Error,https://forums.hostsearch.com/showthread.php?83863-301-Error,http://www.letzdesign.com/landscaping-ideas/,Landscaping ideas for small yards,54,99,False,False,False,True,False,False,False,2024-06-19,2025-04-26,False,False,forums.hostsearch.com
7,301 Error,https://forums.hostsearch.com/showthread.php?83863-301-Error,http://www.letzdesign.com/landscaping-company-san-diego/water-wise-landscape-xeriscape/,Xeriscape plants for San Dieg,54,99,False,False,False,True,False,False,False,2024-10-14,2025-04-26,False,False,forums.hostsearch.com
7,301 Error,https://forums.hostsearch.com/showthread.php?83863-301-Error,http://www.letzdesign.com/,Landscape Designer San Diego,54,99,False,False,False,True,False,False,False,2024-07-30,2025-04-26,False,False,forums.hostsearch.com
7,301 Error,https://forums.hostsearch.com/showthread.php?83863-301-Error,http://www.letzdesign.com/,Visit Homepage,54,99,False,False,False,True,False,False,False,2024-07-30,2025-04-26,False,False,forums.hostsearch.com
7,What is Hosting? - Page 2,https://forums.hostsearch.com/showthread.php?84114-What-is-Hosting%2Fpage2,http://www.letzdesign.com/landscaping-ideas/,Landscaping ideas for small yards,69,137,False,False,False,True,False,False,False,2024-07-20,2025-04-07,False,False,forums.hostsearch.com
7,What is Hosting? - Page 2,https://forums.hostsearch.com/showthread.php?84114-What-is-Hosting%2Fpage2,http://www.letzdesign.com/landscaping-company-san-diego/water-wise-landscape-xeriscape/,Xeriscape plants for San Dieg,69,137,False,False,False,True,False,False,False,2024-11-04,2025-04-07,False,False,forums.hostsearch.com
7,What is Hosting? - Page 2,https://forums.hostsearch.com/showthread.php?84114-What-is-Hosting%2Fpage2,http://www.letzdesign.com/,Landscape Designer San Diego,69,137,False,False,False,True,False,False,False,2024-07-20,2025-04-07,False,False,forums.hostsearch.com
7,What is Hosting? - Page 2,https://forums.hostsearch.com/showthread.php?84114-What-is-Hosting%2Fpage2,http://www.letzdesign.com/,Visit Homepage,69,137,False,False,False,True,False,False,False,2024-07-20,2025-04-07,False,False,forums.hostsearch.com
7,What do you mean by Semantic HTML,https://forums.hostsearch.com/showthread.php?84208-What-do-you-mean-by-Semantic-HTML,http://www.letzdesign.com/landscaping-ideas/,Landscaping ideas for small yards,69,126,False,False,False,True,False,False,False,2024-07-30,2025-04-04,False,False,forums.hostsearch.com
7,What do you mean by Semantic HTML,https://forums.hostsearch.com/showthread.php?84208-What-do-you-mean-by-Semantic-HTML,http://www.letzdesign.com/landscaping-company-san-diego/water-wise-landscape-xeriscape/,Xeriscape plants for San Dieg,69,126,False,False,False,True,False,False,False,2024-12-13,2025-04-04,False,False,forums.hostsearch.com
7,What do you mean by Semantic HTML,https://forums.hostsearch.com/showthread.php?84208-What-do-you-mean-by-Semantic-HTML,http://www.letzdesign.com/,Visit Homepage,69,126,False,False,False,True,False,False,False,2024-06-05,2025-04-04,False,False,forums.hostsearch.com
7,What do you mean by Semantic HTML,https://forums.hostsearch.com/showthread.php?84208-What-do-you-mean-by-Semantic-HTML,http://www.letzdesign.com/,Landscape Designer San Diego,69,126,False,False,False,True,False,False,False,2024-06-05,2025-04-04,False,False,forums.hostsearch.com
7,how to server rebooted?,https://forums.hostsearch.com/showthread.php?84293-how-to-server-rebooted,http://www.letzdesign.com/landscaping-ideas/,Landscaping ideas for small yards,62,120,False,False,False,True,False,False,False,2024-08-12,2025-03-12,False,False,forums.hostsearch.com
7,how to server rebooted?,https://forums.hostsearch.com/showthread.php?84293-how-to-server-rebooted,http://www.letzdesign.com/landscaping-company-san-diego/water-wise-landscape-xeriscape/,Xeriscape plants for San Dieg,62,120,False,False,False,True,False,False,False,2024-10-13,2025-03-12,False,False,forums.hostsearch.com
7,how to server rebooted?,https://forums.hostsearch.com/showthread.php?84293-how-to-server-rebooted,http://www.letzdesign.com/,Landscape Designer San Diego,62,120,False,False,False,True,False,False,False,2024-10-13,2025-03-12,False,False,forums.hostsearch.com
7,how to server rebooted?,https://forums.hostsearch.com/showthread.php?84293-how-to-server-rebooted,http://www.letzdesign.com/,Visit Homepage,62,120,False,False,False,True,False,False,False,2024-10-13,2025-03-12,False,False,forums.hostsearch.com
7,Error,https://forums.hostsearch.com/showthread.php?84472-Error,http://www.letzdesign.com/landscaping-ideas/,Landscaping ideas for small yards,32,98,False,False,False,True,False,False,False,2024-08-03,2025-04-28,False,False,forums.hostsearch.com
7,Error,https://forums.hostsearch.com/showthread.php?84472-Error,http://www.letzdesign.com/landscaping-company-san-diego/water-wise-landscape-xeriscape/,Xeriscape plants for San Dieg,32,98,False,False,False,True,False,False,False,2024-11-10,2025-04-28,False,False,forums.hostsearch.com
7,Error,https://forums.hostsearch.com/showthread.php?84472-Error,http://www.letzdesign.com/,Visit Homepage,32,98,False,False,False,True,False,False,False,2024-11-10,2025-04-28,False,False,forums.hostsearch.com
7,Error,https://forums.hostsearch.com/showthread.php?84472-Error,http://www.letzdesign.com/,Landscape Designer San Diego,32,98,False,False,False,True,False,False,False,2024-11-10,2025-04-28,False,False,forums.hostsearch.com
7,What is Press Release in SEO?,https://forums.hostsearch.com/showthread.php?84663-What-is-Press-Release-in-SEO,http://www.letzdesign.com/landscaping-ideas/,Landscaping ideas for small yards,39,109,False,False,False,True,False,False,False,2024-08-04,2025-05-01,False,False,forums.hostsearch.com
7,What is Press Release in SEO?,https://forums.hostsearch.com/showthread.php?84663-What-is-Press-Release-in-SEO,http://www.letzdesign.com/landscaping-company-san-diego/water-wise-landscape-xeriscape/,Xeriscape plants for San Dieg,39,109,False,False,False,True,False,False,False,2024-10-14,2025-05-01,False,False,forums.hostsearch.com
7,What is Press Release in SEO?,https://forums.hostsearch.com/showthread.php?84663-What-is-Press-Release-in-SEO,http://www.letzdesign.com/,Visit Homepage,39,109,False,False,False,True,False,False,False,2024-10-14,2025-05-01,False,False,forums.hostsearch.com
7,What is Press Release in SEO?,https://forums.hostsearch.com/showthread.php?84663-What-is-Press-Release-in-SEO,http://www.letzdesign.com/,Landscape Designer San Diego,39,109,False,False,False,True,False,False,False,2024-10-14,2025-05-01,False,False,forums.hostsearch.com
7,What is Link Juice?,https://forums.hostsearch.com/showthread.php?84741-What-is-Link-Juice,http://www.letzdesign.com/landscaping-ideas/,Landscaping ideas for small yards,59,112,False,False,False,True,False,False,False,2024-07-14,2025-04-02,False,False,forums.hostsearch.com
7,What is Link Juice?,https://forums.hostsearch.com/showthread.php?84741-What-is-Link-Juice,http://www.letzdesign.com/landscaping-company-san-diego/water-wise-landscape-xeriscape/,Xeriscape plants for San Dieg,59,112,False,False,False,True,False,False,False,2024-12-05,2025-04-02,False,False,forums.hostsearch.com
7,What is Link Juice?,https://forums.hostsearch.com/showthread.php?84741-What-is-Link-Juice,http://www.letzdesign.com/,Landscape Designer San Diego,59,112,False,False,False,True,False,False,False,2024-08-28,2025-04-02,False,False,forums.hostsearch.com
7,What is Link Juice?,https://forums.hostsearch.com/showthread.php?84741-What-is-Link-Juice,http://www.letzdesign.com/,Visit Homepage,59,112,False,False,False,True,False,False,False,2024-08-28,2025-04-02,False,False,forums.hostsearch.com
7,How to get more traffic ?,https://forums.hostsearch.com/showthread.php?85245-How-to-get-more-traffic,http://www.letzdesign.com/landscaping-ideas/,Landscaping ideas for small yards,65,105,False,False,False,True,False,False,False,2024-07-02,2025-03-18,False,False,forums.hostsearch.com
7,How to get more traffic ?,https://forums.hostsearch.com/showthread.php?85245-How-to-get-more-traffic,http://www.letzdesign.com/landscaping-company-san-diego/water-wise-landscape-xeriscape/,Xeriscape plants for San Dieg,65,105,False,False,False,True,False,False,False,2024-11-10,2025-03-18,False,False,forums.hostsearch.com
7,How to get more traffic ?,https://forums.hostsearch.com/showthread.php?85245-How-to-get-more-traffic,http://www.letzdesign.com/,Landscape Designer San Diego,65,105,False,False,False,True,False,False,False,2024-07-02,2025-03-18,False,False,forums.hostsearch.com
7,How to get more traffic ?,https://forums.hostsearch.com/showthread.php?85245-How-to-get-more-traffic,http://www.letzdesign.com/,Visit Homepage,65,105,False,False,False,True,False,False,False,2024-07-02,2025-03-18,False,False,forums.hostsearch.com
7,What is the benefits of seo?,https://forums.hostsearch.com/showthread.php?85477-What-is-the-benefits-of-seo,http://www.letzdesign.com/landscaping-ideas/,Landscaping ideas for small yards,46,88,False,False,False,True,False,False,False,2024-06-19,2025-03-18,False,False,forums.hostsearch.com
7,What is the benefits of seo?,https://forums.hostsearch.com/showthread.php?85477-What-is-the-benefits-of-seo,http://www.letzdesign.com/landscaping-company-san-diego/water-wise-landscape-xeriscape/,Xeriscape plants for San Dieg,46,88,False,False,False,True,False,False,False,2024-11-17,2025-03-18,False,False,forums.hostsearch.com
7,What is the benefits of seo?,https://forums.hostsearch.com/showthread.php?85477-What-is-the-benefits-of-seo,http://www.letzdesign.com/,Visit Homepage,46,88,False,False,False,True,False,False,False,2024-11-17,2025-03-18,False,False,forums.hostsearch.com
7,What is the benefits of seo?,https://forums.hostsearch.com/showthread.php?85477-What-is-the-benefits-of-seo,http://www.letzdesign.com/,Landscape Designer San Diego,46,88,False,False,False,True,False,False,False,2024-11-17,2025-03-18,False,False,forums.hostsearch.com
7,What is CDN?,https://forums.hostsearch.com/showthread.php?85613-What-is-CDN,http://www.letzdesign.com/landscaping-ideas/,Landscaping ideas for small yards,40,121,False,False,False,True,False,False,False,2024-07-09,2025-04-01,False,False,forums.hostsearch.com
7,What is CDN?,https://forums.hostsearch.com/showthread.php?85613-What-is-CDN,http://www.letzdesign.com/landscaping-company-san-diego/water-wise-landscape-xeriscape/,Xeriscape plants for San Dieg,40,121,False,False,False,True,False,False,False,2024-10-31,2025-04-01,False,False,forums.hostsearch.com
7,What is CDN?,https://forums.hostsearch.com/showthread.php?85613-What-is-CDN,http://www.letzdesign.com/,Landscape Designer San Diego,40,121,False,False,False,True,False,False,False,2024-07-26,2025-04-01,False,False,forums.hostsearch.com
7,What is CDN?,https://forums.hostsearch.com/showthread.php?85613-What-is-CDN,http://www.letzdesign.com/,Visit Homepage,40,121,False,False,False,True,False,False,False,2024-07-26,2025-04-01,False,False,forums.hostsearch.com
7,What is Forum Posting and same benefit?,https://forums.hostsearch.com/showthread.php?85770-What-is-Forum-Posting-and-same-benefit,http://www.letzdesign.com/landscaping-ideas/,Landscaping ideas for small yards,72,108,False,False,False,True,False,False,False,2024-07-23,2025-04-23,False,False,forums.hostsearch.com
7,What is Forum Posting and same benefit?,https://forums.hostsearch.com/showthread.php?85770-What-is-Forum-Posting-and-same-benefit,http://www.letzdesign.com/landscaping-company-san-diego/water-wise-landscape-xeriscape/,Xeriscape plants for San Dieg,72,108,False,False,False,True,False,False,False,2024-11-06,2025-04-23,False,False,forums.hostsearch.com
7,What is Forum Posting and same benefit?,https://forums.hostsearch.com/showthread.php?85770-What-is-Forum-Posting-and-same-benefit,http://www.letzdesign.com/,Visit Homepage,72,108,False,False,False,True,False,False,False,2024-09-14,2025-04-23,False,False,forums.hostsearch.com
7,What is Forum Posting and same benefit?,https://forums.hostsearch.com/showthread.php?85770-What-is-Forum-Posting-and-same-benefit,http://www.letzdesign.com/,Landscape Designer San Diego,72,108,False,False,False,True,False,False,False,2024-09-14,2025-04-23,False,False,forums.hostsearch.com
7,What are the limitations of title and description tag?,https://forums.hostsearch.com/showthread.php?85968-What-are-the-limitations-of-title-and-description-tag,http://www.letzdesign.com/landscaping-ideas/,Landscaping ideas for small yards,41,101,False,False,False,True,False,False,False,2024-07-19,2025-04-13,False,False,forums.hostsearch.com
7,What are the limitations of title and description tag?,https://forums.hostsearch.com/showthread.php?85968-What-are-the-limitations-of-title-and-description-tag,http://www.letzdesign.com/landscaping-company-san-diego/water-wise-landscape-xeriscape/,Xeriscape plants for San Dieg,41,101,False,False,False,True,False,False,False,2024-10-31,2025-04-13,False,False,forums.hostsearch.com
7,What are the limitations of title and description tag?,https://forums.hostsearch.com/showthread.php?85968-What-are-the-limitations-of-title-and-description-tag,http://www.letzdesign.com/,Landscape Designer San Diego,41,101,False,False,False,True,False,False,False,2024-07-19,2025-04-13,False,False,forums.hostsearch.com
7,What are the limitations of title and description tag?,https://forums.hostsearch.com/showthread.php?85968-What-are-the-limitations-of-title-and-description-tag,http://www.letzdesign.com/,Visit Homepage,41,101,False,False,False,True,False,False,False,2024-07-19,2025-04-13,False,False,forums.hostsearch.com
7,How to Get Quality Back link,https://forums.hostsearch.com/showthread.php?86207-How-to-Get-Quality-Back-link,http://www.letzdesign.com/landscaping-ideas/,Landscaping ideas for small yards,46,84,False,False,False,True,False,False,False,2024-07-25,2025-05-04,False,False,forums.hostsearch.com
7,How to Get Quality Back link,https://forums.hostsearch.com/showthread.php?86207-How-to-Get-Quality-Back-link,http://www.letzdesign.com/landscaping-company-san-diego/water-wise-landscape-xeriscape/,Xeriscape plants for San Dieg,46,84,False,False,False,True,False,False,False,2024-11-13,2025-05-04,False,False,forums.hostsearch.com
7,How to Get Quality Back link,https://forums.hostsearch.com/showthread.php?86207-How-to-Get-Quality-Back-link,http://www.letzdesign.com/,Landscape Designer San Diego,46,84,False,False,False,True,False,False,False,2024-07-25,2025-05-04,False,False,forums.hostsearch.com
7,How to Get Quality Back link,https://forums.hostsearch.com/showthread.php?86207-How-to-Get-Quality-Back-link,http://www.letzdesign.com/,Visit Homepage,46,84,False,False,False,True,False,False,False,2024-07-25,2025-05-04,False,False,forums.hostsearch.com
7,What is Organic search?,https://forums.hostsearch.com/showthread.php?86523-What-is-Organic-search,http://www.letzdesign.com/,Landscape Designer San Diego,94,134,False,False,False,True,False,False,False,2024-08-09,2025-03-23,False,False,forums.hostsearch.com
7,What is Organic search?,https://forums.hostsearch.com/showthread.php?86523-What-is-Organic-search,http://www.letzdesign.com/landscaping-ideas/,Landscaping ideas for small yards,94,134,False,False,False,True,False,False,False,2024-08-09,2025-03-23,False,False,forums.hostsearch.com
7,What is Organic search?,https://forums.hostsearch.com/showthread.php?86523-What-is-Organic-search,http://www.letzdesign.com/,Visit Homepage,94,134,False,False,False,True,False,False,False,2024-08-09,2025-03-23,False,False,forums.hostsearch.com
7,What is Organic search?,https://forums.hostsearch.com/showthread.php?86523-What-is-Organic-search,http://www.letzdesign.com/landscaping-company-san-diego/water-wise-landscape-xeriscape/,Xeriscape plants for San Dieg,94,134,False,False,False,True,False,False,False,2024-11-14,2025-03-23,False,False,forums.hostsearch.com
7,What is ORM in SEO?,https://forums.hostsearch.com/showthread.php?86529-What-is-ORM-in-SEO,http://www.letzdesign.com/landscaping-ideas/,Landscaping ideas for small yards,45,132,False,False,False,True,False,False,False,2024-07-14,2025-04-17,False,False,forums.hostsearch.com
7,What is ORM in SEO?,https://forums.hostsearch.com/showthread.php?86529-What-is-ORM-in-SEO,http://www.letzdesign.com/landscaping-company-san-diego/water-wise-landscape-xeriscape/,Xeriscape plants for San Dieg,45,132,False,False,False,True,False,False,False,2024-10-17,2025-04-17,False,False,forums.hostsearch.com
7,What is ORM in SEO?,https://forums.hostsearch.com/showthread.php?86529-What-is-ORM-in-SEO,http://www.letzdesign.com/,Landscape Designer San Diego,45,132,False,False,False,True,False,False,False,2024-08-26,2025-04-17,False,False,forums.hostsearch.com
7,What is ORM in SEO?,https://forums.hostsearch.com/showthread.php?86529-What-is-ORM-in-SEO,http://www.letzdesign.com/,Visit Homepage,45,132,False,False,False,True,False,False,False,2024-08-26,2025-04-17,False,False,forums.hostsearch.com
7,Hosting,https://forums.hostsearch.com/showthread.php?86619-Hosting,http://www.letzdesign.com/landscaping-ideas/,Landscaping ideas for small yards,82,133,False,False,False,True,False,False,False,2024-07-03,2025-05-04,False,False,forums.hostsearch.com
7,Hosting,https://forums.hostsearch.com/showthread.php?86619-Hosting,http://www.letzdesign.com/landscaping-company-san-diego/water-wise-landscape-xeriscape/,Xeriscape plants for San Dieg,82,133,False,False,False,True,False,False,False,2024-12-10,2025-05-04,False,False,forums.hostsearch.com
7,Hosting,https://forums.hostsearch.com/showthread.php?86619-Hosting,http://www.letzdesign.com/,Visit Homepage,82,133,False,False,False,True,False,False,False,2024-08-24,2025-05-04,False,False,forums.hostsearch.com
7,Hosting,https://forums.hostsearch.com/showthread.php?86619-Hosting,http://www.letzdesign.com/,Landscape Designer San Diego,82,133,False,False,False,True,False,False,False,2024-08-24,2025-05-04,False,False,forums.hostsearch.com
7,What The Diffrences Between Tag and Keyword in SEO,https://forums.hostsearch.com/showthread.php?86774-What-The-Diffrences-Between-Tag-and-Keyword-in-SEO,http://www.letzdesign.com/landscaping-ideas/,Landscaping ideas for small yards,60,108,False,False,False,True,False,False,False,2024-07-09,2025-04-17,False,False,forums.hostsearch.com
7,What The Diffrences Between Tag and Keyword in SEO,https://forums.hostsearch.com/showthread.php?86774-What-The-Diffrences-Between-Tag-and-Keyword-in-SEO,http://www.letzdesign.com/landscaping-company-san-diego/water-wise-landscape-xeriscape/,Xeriscape plants for San Dieg,60,108,False,False,False,True,False,False,False,2024-10-30,2025-04-17,False,False,forums.hostsearch.com
7,What The Diffrences Between Tag and Keyword in SEO,https://forums.hostsearch.com/showthread.php?86774-What-The-Diffrences-Between-Tag-and-Keyword-in-SEO,http://www.letzdesign.com/,Visit Homepage,60,108,False,False,False,True,False,False,False,2024-10-30,2025-04-17,False,False,forums.hostsearch.com
7,What The Diffrences Between Tag and Keyword in SEO,https://forums.hostsearch.com/showthread.php?86774-What-The-Diffrences-Between-Tag-and-Keyword-in-SEO,http://www.letzdesign.com/,Landscape Designer San Diego,60,108,False,False,False,True,False,False,False,2024-10-30,2025-04-17,False,False,forums.hostsearch.com
7,What is ORM?,https://forums.hostsearch.com/showthread.php?87069-What-is-ORM,http://www.letzdesign.com/landscaping-ideas/,Landscaping ideas for small yards,65,134,False,False,False,True,False,False,False,2024-06-26,2025-05-02,False,False,forums.hostsearch.com
7,What is ORM?,https://forums.hostsearch.com/showthread.php?87069-What-is-ORM,http://www.letzdesign.com/landscaping-company-san-diego/water-wise-landscape-xeriscape/,Xeriscape plants for San Dieg,65,134,False,False,False,True,False,False,False,2024-10-14,2025-05-02,False,False,forums.hostsearch.com
7,What is ORM?,https://forums.hostsearch.com/showthread.php?87069-What-is-ORM,http://www.letzdesign.com/,Landscape Designer San Diego,65,134,False,False,False,True,False,False,False,2024-06-26,2025-05-02,False,False,forums.hostsearch.com
7,What is ORM?,https://forums.hostsearch.com/showthread.php?87069-What-is-ORM,http://www.letzdesign.com/,Visit Homepage,65,134,False,False,False,True,False,False,False,2024-06-26,2025-05-02,False,False,forums.hostsearch.com
7,What Penetration Testing Companies Do ?,https://forums.hostsearch.com/showthread.php?87284-What-Penetration-Testing-Companies-Do,http://www.letzdesign.com/landscaping-ideas/,Landscaping ideas for small yards,44,78,False,False,False,True,False,False,False,2024-06-25,2025-03-18,False,False,forums.hostsearch.com
7,What Penetration Testing Companies Do ?,https://forums.hostsearch.com/showthread.php?87284-What-Penetration-Testing-Companies-Do,http://www.letzdesign.com/,Visit Homepage,44,78,False,False,False,True,False,False,False,2024-06-25,2025-03-18,False,False,forums.hostsearch.com
7,What Penetration Testing Companies Do ?,https://forums.hostsearch.com/showthread.php?87284-What-Penetration-Testing-Companies-Do,http://www.letzdesign.com/,Landscape Designer San Diego,44,78,False,False,False,True,False,False,False,2024-06-25,2025-03-18,False,False,forums.hostsearch.com
7,What Penetration Testing Companies Do ?,https://forums.hostsearch.com/showthread.php?87284-What-Penetration-Testing-Companies-Do,http://www.letzdesign.com/landscaping-company-san-diego/water-wise-landscape-xeriscape/,Xeriscape plants for San Dieg,44,78,False,False,False,True,False,False,False,2024-10-08,2025-03-18,False,False,forums.hostsearch.com
7,What is vertical search ?,https://forums.hostsearch.com/showthread.php?87364-What-is-vertical-search,http://www.letzdesign.com/landscaping-ideas/,Landscaping ideas for small yards,28,73,False,False,False,True,False,False,False,2024-07-04,2025-04-18,False,False,forums.hostsearch.com
7,What is vertical search ?,https://forums.hostsearch.com/showthread.php?87364-What-is-vertical-search,http://www.letzdesign.com/landscaping-company-san-diego/water-wise-landscape-xeriscape/,Xeriscape plants for San Dieg,28,73,False,False,False,True,False,False,False,2024-09-29,2025-04-18,False,False,forums.hostsearch.com
7,What is vertical search ?,https://forums.hostsearch.com/showthread.php?87364-What-is-vertical-search,http://www.letzdesign.com/,Landscape Designer San Diego,28,73,False,False,False,True,False,False,False,2024-08-14,2025-04-18,False,False,forums.hostsearch.com
7,What is vertical search ?,https://forums.hostsearch.com/showthread.php?87364-What-is-vertical-search,http://www.letzdesign.com/,Visit Homepage,28,73,False,False,False,True,False,False,False,2024-08-14,2025-04-18,False,False,forums.hostsearch.com
7,How to find website errors?,https://forums.hostsearch.com/showthread.php?87468-How-to-find-website-errors,http://www.letzdesign.com/landscaping-ideas/,Landscaping ideas for small yards,75,132,False,False,False,True,False,False,False,2024-06-22,2025-05-01,False,False,forums.hostsearch.com
7,How to find website errors?,https://forums.hostsearch.com/showthread.php?87468-How-to-find-website-errors,http://www.letzdesign.com/landscaping-company-san-diego/water-wise-landscape-xeriscape/,Xeriscape plants for San Dieg,75,132,False,False,False,True,False,False,False,2024-11-10,2025-05-01,False,False,forums.hostsearch.com
7,How to find website errors?,https://forums.hostsearch.com/showthread.php?87468-How-to-find-website-errors,http://www.letzdesign.com/,Landscape Designer San Diego,75,132,False,False,False,True,False,False,False,2024-07-27,2025-05-01,False,False,forums.hostsearch.com
7,How to find website errors?,https://forums.hostsearch.com/showthread.php?87468-How-to-find-website-errors,http://www.letzdesign.com/,Visit Homepage,75,132,False,False,False,True,False,False,False,2024-07-27,2025-05-01,False,False,forums.hostsearch.com
7,What is seo moz?,https://forums.hostsearch.com/showthread.php?87608-What-is-seo-moz,http://www.letzdesign.com/landscaping-ideas/,Landscaping ideas for small yards,58,100,False,False,False,True,False,False,False,2024-08-02,2025-04-23,False,False,forums.hostsearch.com
7,What is seo moz?,https://forums.hostsearch.com/showthread.php?87608-What-is-seo-moz,http://www.letzdesign.com/landscaping-company-san-diego/water-wise-landscape-xeriscape/,Xeriscape plants for San Dieg,58,100,False,False,False,True,False,False,False,2024-11-07,2025-04-23,False,False,forums.hostsearch.com
7,What is seo moz?,https://forums.hostsearch.com/showthread.php?87608-What-is-seo-moz,http://www.letzdesign.com/,Landscape Designer San Diego,58,100,False,False,False,True,False,False,False,2024-08-02,2025-04-23,False,False,forums.hostsearch.com
7,What is seo moz?,https://forums.hostsearch.com/showthread.php?87608-What-is-seo-moz,http://www.letzdesign.com/,Visit Homepage,58,100,False,False,False,True,False,False,False,2024-08-02,2025-04-23,False,False,forums.hostsearch.com
7,What is Google Analytics?,https://forums.hostsearch.com/showthread.php?87689-What-is-Google-Analytics,http://www.letzdesign.com/landscaping-ideas/,Landscaping ideas for small yards,115,135,False,False,False,True,False,False,False,2024-07-25,2025-04-13,False,False,forums.hostsearch.com
7,What is Google Analytics?,https://forums.hostsearch.com/showthread.php?87689-What-is-Google-Analytics,http://www.letzdesign.com/landscaping-company-san-diego/water-wise-landscape-xeriscape/,Xeriscape plants for San Dieg,115,135,False,False,False,True,False,False,False,2024-12-09,2025-04-13,False,False,forums.hostsearch.com
7,What is Google Analytics?,https://forums.hostsearch.com/showthread.php?87689-What-is-Google-Analytics,http://www.letzdesign.com/,Visit Homepage,115,135,False,False,False,True,False,False,False,2024-12-09,2025-04-13,False,False,forums.hostsearch.com
7,What is Google Analytics?,https://forums.hostsearch.com/showthread.php?87689-What-is-Google-Analytics,http://www.letzdesign.com/,Landscape Designer San Diego,115,135,False,False,False,True,False,False,False,2024-12-09,2025-04-13,False,False,forums.hostsearch.com
7,What is ROR in SEO?,https://forums.hostsearch.com/showthread.php?87720-What-is-ROR-in-SEO,http://www.letzdesign.com/landscaping-ideas/,Landscaping ideas for small yards,84,129,False,False,False,True,False,False,False,2024-07-12,2025-05-03,False,False,forums.hostsearch.com
7,What is ROR in SEO?,https://forums.hostsearch.com/showthread.php?87720-What-is-ROR-in-SEO,http://www.letzdesign.com/,Landscape Designer San Diego,84,129,False,False,False,True,False,False,False,2024-07-12,2025-05-03,False,False,forums.hostsearch.com
7,What is ROR in SEO?,https://forums.hostsearch.com/showthread.php?87720-What-is-ROR-in-SEO,http://www.letzdesign.com/,Visit Homepage,84,129,False,False,False,True,False,False,False,2024-07-12,2025-05-03,False,False,forums.hostsearch.com
7,What is ROR in SEO?,https://forums.hostsearch.com/showthread.php?87720-What-is-ROR-in-SEO,http://www.letzdesign.com/landscaping-company-san-diego/water-wise-landscape-xeriscape/,Xeriscape plants for San Dieg,84,129,False,False,False,True,False,False,False,2024-11-09,2025-05-03,False,False,forums.hostsearch.com
7,How can I create a Wikipedia page for myself?,https://forums.hostsearch.com/showthread.php?88561-How-can-I-create-a-Wikipedia-page-for-myself,http://www.letzdesign.com/landscaping-ideas/,Landscaping ideas for small yards,37,103,False,False,False,True,False,False,False,2024-07-15,2025-04-12,False,False,forums.hostsearch.com
7,How can I create a Wikipedia page for myself?,https://forums.hostsearch.com/showthread.php?88561-How-can-I-create-a-Wikipedia-page-for-myself,http://www.letzdesign.com/landscaping-company-san-diego/water-wise-landscape-xeriscape/,Xeriscape plants for San Dieg,37,103,False,False,False,True,False,False,False,2024-10-28,2025-04-12,False,False,forums.hostsearch.com
7,How can I create a Wikipedia page for myself?,https://forums.hostsearch.com/showthread.php?88561-How-can-I-create-a-Wikipedia-page-for-myself,http://www.letzdesign.com/,Landscape Designer San Diego,37,103,False,False,False,True,False,False,False,2024-09-05,2025-04-12,False,False,forums.hostsearch.com
7,How can I create a Wikipedia page for myself?,https://forums.hostsearch.com/showthread.php?88561-How-can-I-create-a-Wikipedia-page-for-myself,http://www.letzdesign.com/,Visit Homepage,37,103,False,False,False,True,False,False,False,2024-09-05,2025-04-12,False,False,forums.hostsearch.com
7,301 redirection?,https://forums.hostsearch.com/showthread.php?88696-301-redirection,http://www.letzdesign.com/landscaping-ideas/,Landscaping ideas for small yards,77,109,False,False,False,True,False,False,False,2024-07-18,2025-04-18,False,False,forums.hostsearch.com
7,301 redirection?,https://forums.hostsearch.com/showthread.php?88696-301-redirection,http://www.letzdesign.com/landscaping-company-san-diego/water-wise-landscape-xeriscape/,Xeriscape plants for San Dieg,77,109,False,False,False,True,False,False,False,2024-11-03,2025-04-18,False,False,forums.hostsearch.com
7,301 redirection?,https://forums.hostsearch.com/showthread.php?88696-301-redirection,http://www.letzdesign.com/,Visit Homepage,77,109,False,False,False,True,False,False,False,2024-08-30,2025-04-18,False,False,forums.hostsearch.com
7,301 redirection?,https://forums.hostsearch.com/showthread.php?88696-301-redirection,http://www.letzdesign.com/,Landscape Designer San Diego,77,109,False,False,False,True,False,False,False,2024-08-30,2025-04-18,False,False,forums.hostsearch.com
7,What is Canonical URL?,https://forums.hostsearch.com/showthread.php?89079-What-is-Canonical-URL,http://www.letzdesign.com/landscaping-ideas/,Landscaping ideas for small yards,68,132,False,False,False,True,False,False,False,2024-07-08,2025-03-31,False,False,forums.hostsearch.com
7,What is Canonical URL?,https://forums.hostsearch.com/showthread.php?89079-What-is-Canonical-URL,http://www.letzdesign.com/landscaping-company-san-diego/water-wise-landscape-xeriscape/,Xeriscape plants for San Dieg,68,132,False,False,False,True,False,False,False,2024-12-09,2025-03-31,False,False,forums.hostsearch.com
7,What is Canonical URL?,https://forums.hostsearch.com/showthread.php?89079-What-is-Canonical-URL,http://www.letzdesign.com/,Landscape Designer San Diego,68,132,False,False,False,True,False,False,False,2024-08-29,2025-03-31,False,False,forums.hostsearch.com
7,What is Canonical URL?,https://forums.hostsearch.com/showthread.php?89079-What-is-Canonical-URL,http://www.letzdesign.com/,Visit Homepage,68,132,False,False,False,True,False,False,False,2024-08-29,2025-03-31,False,False,forums.hostsearch.com
7,What is the X-Robots tag?,https://forums.hostsearch.com/showthread.php?89261-What-is-the-X-Robots-tag,http://www.letzdesign.com/landscaping-ideas/,Landscaping ideas for small yards,38,90,False,False,False,True,False,False,False,2024-06-22,2025-03-12,False,False,forums.hostsearch.com
7,What is the X-Robots tag?,https://forums.hostsearch.com/showthread.php?89261-What-is-the-X-Robots-tag,http://www.letzdesign.com/landscaping-company-san-diego/water-wise-landscape-xeriscape/,Xeriscape plants for San Dieg,38,90,False,False,False,True,False,False,False,2024-11-15,2025-03-12,False,False,forums.hostsearch.com
7,What is the X-Robots tag?,https://forums.hostsearch.com/showthread.php?89261-What-is-the-X-Robots-tag,http://www.letzdesign.com/,Landscape Designer San Diego,38,90,False,False,False,True,False,False,False,2024-07-28,2025-03-12,False,False,forums.hostsearch.com
7,What is the X-Robots tag?,https://forums.hostsearch.com/showthread.php?89261-What-is-the-X-Robots-tag,http://www.letzdesign.com/,Visit Homepage,38,90,False,False,False,True,False,False,False,2024-07-28,2025-03-12,False,False,forums.hostsearch.com
7,What Is SB Rank?,https://forums.hostsearch.com/showthread.php?89461-What-Is-SB-Rank,http://www.letzdesign.com/landscaping-ideas/,Landscaping ideas for small yards,51,105,False,False,False,True,False,False,False,2024-08-07,2025-03-24,False,False,forums.hostsearch.com
7,What Is SB Rank?,https://forums.hostsearch.com/showthread.php?89461-What-Is-SB-Rank,http://www.letzdesign.com/landscaping-company-san-diego/water-wise-landscape-xeriscape/,Xeriscape plants for San Dieg,51,105,False,False,False,True,False,False,False,2024-10-03,2025-03-24,False,False,forums.hostsearch.com
7,What Is SB Rank?,https://forums.hostsearch.com/showthread.php?89461-What-Is-SB-Rank,http://www.letzdesign.com/,Landscape Designer San Diego,51,105,False,False,False,True,False,False,False,2024-10-03,2025-03-24,False,False,forums.hostsearch.com
7,What Is SB Rank?,https://forums.hostsearch.com/showthread.php?89461-What-Is-SB-Rank,http://www.letzdesign.com/,Visit Homepage,51,105,False,False,False,True,False,False,False,2024-10-03,2025-03-24,False,False,forums.hostsearch.com
7,What is hashCode?,https://forums.hostsearch.com/showthread.php?89618-What-is-hashCode,http://www.letzdesign.com/landscaping-ideas/,Landscaping ideas for small yards,46,136,False,False,False,True,False,False,False,2024-08-04,2025-04-19,False,False,forums.hostsearch.com
7,What is hashCode?,https://forums.hostsearch.com/showthread.php?89618-What-is-hashCode,http://www.letzdesign.com/landscaping-company-san-diego/water-wise-landscape-xeriscape/,Xeriscape plants for San Dieg,46,136,False,False,False,True,False,False,False,2024-12-12,2025-04-19,False,False,forums.hostsearch.com
7,What is hashCode?,https://forums.hostsearch.com/showthread.php?89618-What-is-hashCode,http://www.letzdesign.com/,Landscape Designer San Diego,46,136,False,False,False,True,False,False,False,2024-08-04,2025-04-19,False,False,forums.hostsearch.com
7,What is hashCode?,https://forums.hostsearch.com/showthread.php?89618-What-is-hashCode,http://www.letzdesign.com/,Visit Homepage,46,136,False,False,False,True,False,False,False,2024-08-04,2025-04-19,False,False,forums.hostsearch.com
7,What is Toolbar?,https://forums.hostsearch.com/showthread.php?89848-What-is-Toolbar,http://www.letzdesign.com/landscaping-ideas/,Landscaping ideas for small yards,74,103,False,False,False,True,False,False,False,2024-07-15,2025-04-27,False,False,forums.hostsearch.com
7,What is Toolbar?,https://forums.hostsearch.com/showthread.php?89848-What-is-Toolbar,http://www.letzdesign.com/,Visit Homepage,74,103,False,False,False,True,False,False,False,2024-07-15,2025-04-27,False,False,forums.hostsearch.com
7,What is Toolbar?,https://forums.hostsearch.com/showthread.php?89848-What-is-Toolbar,http://www.letzdesign.com/,Landscape Designer San Diego,74,103,False,False,False,True,False,False,False,2024-07-15,2025-04-27,False,False,forums.hostsearch.com
7,What is Toolbar?,https://forums.hostsearch.com/showthread.php?89848-What-is-Toolbar,http://www.letzdesign.com/landscaping-company-san-diego/water-wise-landscape-xeriscape/,Xeriscape plants for San Dieg,74,103,False,False,False,True,False,False,False,2024-10-28,2025-04-27,False,False,forums.hostsearch.com
7,Why submit new url in search engine?,https://forums.hostsearch.com/showthread.php?89996-Why-submit-new-url-in-search-engine,http://www.letzdesign.com/landscaping-ideas/,Landscaping ideas for small yards,50,111,False,False,False,True,False,False,False,2024-07-02,2025-03-25,False,False,forums.hostsearch.com
7,Why submit new url in search engine?,https://forums.hostsearch.com/showthread.php?89996-Why-submit-new-url-in-search-engine,http://www.letzdesign.com/landscaping-company-san-diego/water-wise-landscape-xeriscape/,Xeriscape plants for San Dieg,50,111,False,False,False,True,False,False,False,2024-10-14,2025-03-25,False,False,forums.hostsearch.com
7,Why submit new url in search engine?,https://forums.hostsearch.com/showthread.php?89996-Why-submit-new-url-in-search-engine,http://www.letzdesign.com/,Visit Homepage,50,111,False,False,False,True,False,False,False,2024-08-24,2025-03-25,False,False,forums.hostsearch.com
7,Why submit new url in search engine?,https://forums.hostsearch.com/showthread.php?89996-Why-submit-new-url-in-search-engine,http://www.letzdesign.com/,Landscape Designer San Diego,50,111,False,False,False,True,False,False,False,2024-08-24,2025-03-25,False,False,forums.hostsearch.com
7,How to add Twitter widget to Blogger?,https://forums.hostsearch.com/showthread.php?90121-How-to-add-Twitter-widget-to-Blogger,http://www.letzdesign.com/landscaping-ideas/,Landscaping ideas for small yards,33,85,False,False,False,True,False,False,False,2024-06-22,2025-03-13,False,False,forums.hostsearch.com
7,How to add Twitter widget to Blogger?,https://forums.hostsearch.com/showthread.php?90121-How-to-add-Twitter-widget-to-Blogger,http://www.letzdesign.com/landscaping-company-san-diego/water-wise-landscape-xeriscape/,Xeriscape plants for San Dieg,33,85,False,False,False,True,False,False,False,2024-10-03,2025-03-13,False,False,forums.hostsearch.com
7,How to add Twitter widget to Blogger?,https://forums.hostsearch.com/showthread.php?90121-How-to-add-Twitter-widget-to-Blogger,http://www.letzdesign.com/,Landscape Designer San Diego,33,85,False,False,False,True,False,False,False,2024-10-03,2025-03-13,False,False,forums.hostsearch.com
7,How to add Twitter widget to Blogger?,https://forums.hostsearch.com/showthread.php?90121-How-to-add-Twitter-widget-to-Blogger,http://www.letzdesign.com/,Visit Homepage,33,85,False,False,False,True,False,False,False,2024-10-03,2025-03-13,False,False,forums.hostsearch.com
6,Garden Landscape Designer - Viesearch,https://viesearch.com/142y7/garden-landscape-designer,http://www.letzdesign.com/,http://www.letzdesign.com/,10,35,False,False,False,True,False,False,False,2024-10-22,2025-04-14,False,False,viesearch.com
6,Garden Landscape Designer - Viesearch,https://viesearch.com/142y7/garden-landscape-designer,http://www.letzdesign.com/,Garden Landscape Designer,10,35,False,False,False,True,False,False,False,2025-04-14,2025-04-14,True,False,viesearch.com
6,Garden Landscape Designer - Viesearch,https://viesearch.com/142y7/garden-landscape-designer,http://www.letzdesign.com/,,10,35,False,False,False,False,False,False,True,2024-10-22,2025-04-14,False,False,viesearch.com
6,Letz Design Landscape at Link Centre,https://www.linkcentre.com/profile/letzdesignlandscape/,https://www.letzdesign.com/,https://www.letzdesign.com/,9,18,False,False,False,True,False,False,False,2024-11-19,2025-04-07,False,False,linkcentre.com
6,Letz Design Landscape at Link Centre,https://www.linkcentre.com/profile/letzdesignlandscape/,https://www.letzdesign.com/,Letz Design Landscape,9,18,False,False,False,True,False,False,False,2024-11-19,2025-04-07,False,False,linkcentre.com
6,Letz Design Landscape Reviews and News,https://www.linkcentre.com/review/www.letzdesign.com/,https://www.letzdesign.com/,https://www.letzdesign.com/,7,20,False,False,False,True,False,False,False,2024-11-18,2025-04-04,False,False,linkcentre.com
6,Letz Design Landscape Reviews and News,https://www.linkcentre.com/review/www.letzdesign.com/,https://www.letzdesign.com/,Letz Design Landscape,7,20,False,False,False,True,False,False,False,2024-11-18,2025-04-04,False,False,linkcentre.com
