Back to Summary,Source title,Source url,Target url,Anchor,External links,Internal links,Nofollow,Sponsored,Ugc,Text,Frame,Form,Image,Sitewide,First seen,Last seen,New link,Lost link,Domain Backlinks,Referring Domain,Age
47,WEB DIRECTORY,https://webbys.pages.dev/46/LsYvAKGKbJ,https://mysmallwall.com/,mysmallwall.com,10003,1,True,False,False,True,False,False,False,False,2024-02-10,2025-04-14,False,False,1,webbys.pages.dev,444
31,The gloomiest color on the spectrum is now the hottest for your home - The Washington Post,https://www.washingtonpost.com/realestate/for-a-change-of-kitchen-pace-investigate-shades-of-gray/2016/02/24/693be80a-9dc5-11e5-a3c5-c77f2cc5a43c_story.html,http://www.mysmallwall.com/,Small Wall,9,10,False,False,False,True,False,False,False,False,2024-06-21,2025-02-28,False,False,1,washingtonpost.com,312
18,Repositionable paint samples,https://www.startribune.com/repositionable-paint-samples/106526243,http://www.mysmallwall.com/,www.mysmallwall.com,20,49,False,False,False,True,False,False,False,False,2025-02-10,2025-04-21,False,False,1,startribune.com,78
17,How to Paint a Wall - Interior Painting Tips at WomansDay.com,https://www.womansday.com/home/decorating/tips/a5357/the-step-by-step-guide-to-painting-a-room-112455/,http://mysmallwall.com/index.php,MySmallWall.com,15,44,False,False,False,True,False,False,False,False,2024-06-17,2025-04-25,False,False,1,womansday.com,316
16,Top 33 similar sites like thedecorologist.com and thedecorologist alternatives,https://www.sitelike.org/similar/thedecorologist.com/,https://www.mysmallwall.com/,mysmallwall.com,26,130,True,False,False,False,False,False,True,False,2025-01-14,2025-01-14,False,False,1,sitelike.org,105
13,What Colors Look Good When Sponge Painting?,https://www.weekand.com/home-garden/article/colors-look-good-sponge-painting-18009032.php,https://mysmallwall.com/paint_resource_center.php,Small Wall: Paint Resource Center,15,49,True,False,False,True,False,False,False,False,2024-09-08,2025-04-28,False,False,1,weekand.com,233
10,Paint Color Training Course - The Decorologist,https://thedecorologist.com/pce/,https://mysmallwall.com/,Small Wall,7,33,False,False,False,True,False,False,False,False,2024-04-30,2025-04-23,False,False,1,thedecorologist.com,364
10,"Picking out paint colors from one swatch | Thrifty Decor Chick | Thrifty DIY, Decor and Organizing",https://www.thriftydecorchick.com/2012/05/picking-out-basement-paint-colors.html,http://www.mysmallwall.com/,julie,53,149,True,False,False,True,False,False,False,False,2024-05-05,2025-02-10,False,False,1,thriftydecorchick.com,359
9,Case study: Social Media Makes Big Splash for Small Entrepreneur - Schaefer Marketing Solutions: We Help Businesses {grow},https://businessesgrow.com/2010/12/19/case-study-social-media-makes-big-splash-for-small-entrepreneur/,http://www.mysmallwall.com/,Small Wall,21,58,False,False,False,True,False,False,False,False,2024-09-08,2025-04-29,False,False,1,businessesgrow.com,233
8,Small Wall Reports Double-Digit Sales Growth Throughout Recession | 2014-02-12 | PCI Magazine,https://www.pcimag.com/articles/98777-small-wall-reports-double-digit-sales-growth-throughout-recession,http://www.mysmallwall.com/,Small Wall ¬Æ,41,129,False,False,False,True,False,False,False,False,2024-02-25,2025-04-21,False,False,1,pcimag.com,429
7,Test Out New Wall Color With Small Wall,https://charlesandhudson.com/test_out_new_wall_color_with_small_wall/,http://www.mysmallwall.com/,Small Wall,13,29,True,False,False,True,False,False,False,False,2024-06-26,2025-04-28,False,False,1,charlesandhudson.com,307
6,Does Your House Look Like A Quilt? | From Color To The Cosmos ‚Ä¢ The Colorful Clairvoyant,https://decoratingbydonna.com/2011/05/19/does-your-house-look-like-a-quilt/,http://mysmallwall.com/,Small Wall,29,78,False,False,False,True,False,False,False,False,2024-06-06,2025-02-12,False,True,1,decoratingbydonna.com,327
5,Paint Supplies for your Next Project - Extreme How To,https://extremehowto.com/paint-supplies-for-your-next-project/,http://www.mysmallwall.com/,www.mysmallwall.com,17,104,False,False,False,True,False,False,False,False,2023-03-25,2025-04-11,False,False,1,extremehowto.com,766
5,Knicava | About Company,https://trustburn.com/about/knicava,http://mysmallwall.com/,mysmallwall.com,4,19,False,False,False,True,False,False,False,False,2024-07-10,2024-12-09,False,False,1,trustburn.com,293
4,website list 1386 ‚Äì Link A News,https://linkanews.com/website-list-1386/,https://mysmallwall.com/,mysmallwall,5003,26,False,False,False,True,False,False,False,False,2024-11-15,2025-04-26,False,False,1,linkanews.com,165
4,"Search Companies in Lebanon, United-states | Selling.com",https://selling.com/company-search/location--united-states--tennessee--lebanon?page=4,http://mysmallwall.com/,Visit Website,43,115,False,False,False,True,False,False,False,False,2025-03-27,2025-03-27,False,False,1,selling.com,33
4,Small Walls Filling Painting Niche ‚Äì,https://www.business-opportunities.biz/2011/01/13/small-walls-filling-painting-niche/,http://www.mysmallwall.com/,Small Wall,5,55,False,False,False,True,False,False,False,False,2023-03-20,2025-04-22,False,False,1,business-opportunities.biz,771
4,Necessity Is The Mother Of Invention | Slipcovers for Your Walls,https://www.casartcoverings.com/casartblog/necessity-is-the-mother-of-invention/,https://www.mysmallwall.com/,necessity led to a product offered by Sherwin Williams on casartblog,66,74,False,False,False,False,False,False,True,False,2023-10-07,2025-04-20,False,False,1,casartcoverings.com,570
3,How do I help customers choose colors? | The Blogging Painters,https://bloggingpainters.com/how-do-i-help-customers-choose-colors/,http://www.mysmallwall.com/products.php,My Small Wall,11,48,False,False,False,True,False,False,False,False,2024-04-19,2025-04-28,False,False,1,bloggingpainters.com,375
2,Email Marketing ‚Äì 10 of the Best Email Marketing Subscription Sources-1386 | Way Ranks,https://wayranks.com/email-marketing-10-of-the-best-email-marketing-subscription-sources-1386/,https://mysmallwall.com/,mysmallwall,5002,46,False,False,False,True,False,False,False,False,2023-10-25,2025-04-29,False,False,1,wayranks.com,552
2,"Resolution: Finish Painting Your ""Undecorated Room"" ‚Äî Irwin Weiner Interiors",https://www.irwinweiner.com/design-resolutions/2011/12/30/resolution-finish-painting-your-undecorated-room.html,http://www.mysmallwall.com/,Small Wall,11,32,False,False,False,True,False,False,False,False,2024-05-17,2025-01-06,False,False,1,irwinweiner.com,347
2,Cottage and Vine‚Äôs Room by Room party/Foyers ‚Äì Lori May Interiors,https://www.lorimayinteriors.com/2011/08/08/cottage-and-vines-room-by-room-partyfoyers/,http://www.mysmallwall.com/,jboney@knicava.com,21,37,True,False,True,True,False,False,False,False,2024-06-22,2025-04-12,False,False,1,lorimayinteriors.com,311
1,Craftastical!: Project Progress: Kitchen Update Week 4,http://www.craftastical.com/2010/06/project-progress-kitchen-update-week-4.html,http://www.mysmallwall.com/,Julie Boney,34,245,True,False,False,True,False,False,False,False,2024-02-22,2025-04-13,False,False,1,craftastical.com,432
1,How to Pick the Perfect Wall Paint | Ashley's Building & Construction,https://ashleysbuilding.com/how-to-pick-the-perfect-wall-paint/,https://mysmallwall.com/,https://mysmallwall.com/,14,33,False,False,False,True,False,False,False,False,2024-02-29,2025-04-24,False,False,1,ashleysbuilding.com,425
1,Freshen Up Your Home With Color - Lori Gilder,https://lorigilder.com/2011/05/create-mood-paint-choose/,http://mysmallwall.com/,Julie Boney,16,35,True,False,True,True,False,False,False,False,2025-03-09,2025-04-26,False,False,1,lorigilder.com,51
0,The Power of Balance,http://balancedleadership.blogspot.com/,http://www.mysmallwall.com/,Knicava,23,51,False,False,False,True,False,False,False,False,2024-11-29,2024-11-29,False,False,1,balancedleadership.blogspot.com,151
0,No more Guessing! The Easy Way to Test Wall Colors + a FREE GIVEAWAY! - Better HouseKeeper,http://betterhousekeeper.com/2014/10/01/stop-guessing-use-this-easy-way-to-test-wall-colors-with-small-wall-paint-sample-boards-a-free-giveaway/,http://mysmallwall.com/,Small Wall ¬Æ,7,35,False,False,False,True,False,False,False,False,2024-08-31,2024-12-17,False,False,1,betterhousekeeper.com,241
0,"Resolution: Finish Painting Your ""Undecorated Room"" - Design Resolutions - Design2Share, home decorating, interior design, garden tips and resources",http://design2share.squarespace.com/design-resolutions/2011/12/30/resolution-finish-painting-your-undecorated-room.html,http://www.mysmallwall.com/,Small Wall,29,69,False,False,False,True,False,False,False,False,2024-06-20,2025-04-27,False,False,1,design2share.squarespace.com,313
0,ENTIRELY DESIGN: October 2012,http://designfromca.blogspot.com/2012/10/,http://mysmallwall.com/,SMALL WALL,73,43,False,False,False,True,False,False,False,False,2025-02-05,2025-02-05,False,False,1,designfromca.blogspot.com,83
0,Home Design Ide: June 2011,http://homedesignide1.blogspot.com/2011/06/,http://www.mysmallwall.com/index.php,website,61,132,False,False,False,True,False,False,False,False,2024-12-20,2024-12-20,False,False,1,homedesignide1.blogspot.com,130
0,,http://knicava.com/,http://www.mysmallwall.com/,,0,0,False,False,False,True,False,False,False,False,2025-03-11,2025-04-24,False,False,1,knicava.com,49
0,My Interior Life: It's a Small Wall After All,http://myinteriorlife.blogspot.com/2011/06/its-small-wall-after-all.html,http://mysmallwall.com/,Julie Boney,158,105,True,False,False,False,False,False,True,False,2024-07-09,2025-02-05,False,False,1,myinteriorlife.blogspot.com,294
0,"We overcame strict Google updates by staying genuine, at SeoFlox.com",http://seoflx.net/q/ebbah-rank-website-on-first-page/,http://www.mysmallwall.com/,"Learn our quick, lasting SEO wins formula that pushed knicava.com on SeoFlox.com.",7000,1003,True,False,False,True,False,False,False,False,2025-04-20,2025-04-20,True,False,1,seoflx.net,9
0,The official blog of the New York Institute of Art and Design - Designer Monthly - Twilled: Real Decorating for Real People: The Paint Problem,http://sheffield.squarespace.com/designer-monthly/2011/6/15/twilled-real-decorating-for-real-people-the-paint-problem.html,http://www.mysmallwall.com/,Small Wall,50,64,False,False,False,True,False,False,False,False,2023-10-12,2025-04-14,False,False,1,sheffield.squarespace.com,565
0,Painting Disaster | The Tin Man,http://www.tinmanic.com/archives/2010/06/07/painting-disaster/,http://www.mysmallwall.com/,julie,6,21,True,False,True,True,False,False,False,False,2025-04-17,2025-04-25,True,False,1,tinmanic.com,12
0,WebsitesCrawl.com | Most Used Websites | page No. 16138,http://www.websitescrawl.com/domain-list-16138,http://mysmallwall.com/,mysmallwall,1000,4,True,False,False,True,False,False,False,False,2024-10-30,2024-10-30,False,False,1,websitescrawl.com,181
0,website list 1386 |,https://99sitedirectory.com/website-list-1386/,https://mysmallwall.com/,mysmallwall,5001,20,False,False,False,True,False,False,False,False,2024-09-12,2024-11-25,False,False,1,99sitedirectory.com,229
0,website list 1386 |,https://absmho.com/website-list-1386/,https://mysmallwall.com/,mysmallwall,5001,19,False,False,False,True,False,False,False,False,2024-06-25,2025-04-05,False,False,1,absmho.com,308
0,Where to buy üöÄ aged domains and backlinks üî• from www | 7437-3120,https://ageokousei.jp/74373f1203cc4e064be12b26c5f3562a-domais.html,https://mysmallwall.com/,mysmallwall.com,17442,13,False,False,False,True,False,False,False,False,2025-02-04,2025-04-28,False,False,1,ageokousei.jp,84
0,Where to buy üöÄ aged domains and backlinks üî• from Agmermer | 0306-5046,https://agmermer.pro/03ef0ac6f50c467267bb33f79bce3b36-domains.html,https://mysmallwall.com/,mysmallwall.com,3529,12,False,False,False,True,False,False,False,False,2024-12-27,2025-01-15,False,False,1,agmermer.pro,123
0,Where to buy üöÄ aged domains and backlinks üî• from alenews | 7836-6761,https://alenews.pl/78ce36c67a6f1350014603ed8018d516-page.html,https://mysmallwall.com/,mysmallwall.com,10004,13,False,False,False,True,False,False,False,False,2025-04-18,2025-04-27,True,False,1,alenews.pl,11
0,Where to buy üöÄ aged domains and backlinks üî• from all-aged-domains | 4422-2732,https://all-aged-domains.com/page-4ba42ded2b2e73a2b257430952d8eef9.html,https://mysmallwall.com/,knicava.com,10161,12,False,False,False,True,False,False,False,False,2025-01-06,2025-01-16,False,False,1,all-aged-domains.com,113
0,‚ù§Ô∏è URL Shared ‚ù§Ô∏è,https://anchorurl.cloud/share/808013,https://mysmallwall.com/,knicava.com,100,11,True,False,False,True,False,False,False,False,2024-12-31,2024-12-31,False,False,1,anchorurl.cloud,119
0,Home Based Jobs For Disabled Veterans-5445 | Article Ment,https://articlement.com/home-based-jobs-for-disabled-veterans-5445/,https://mysmallwall.com/,mysmallwall,5003,35,False,False,False,True,False,False,False,False,2024-11-15,2025-04-14,False,False,1,articlement.com,165
0,Where to buy üöÄ aged domains and backlinks üî• from athens-escorts | 2275-2819,https://athens-escorts.info/227d528e1ebf92899e786b5ba4b03904-list.html,https://mysmallwall.com/,mysmallwall.com,13042,13,False,False,False,True,False,False,False,False,2025-04-07,2025-04-25,True,False,1,athens-escorts.info,22
0,üë≤ Domain Report üë≤,https://atomizelink.icu/report/808013,https://mysmallwall.com/,knicava.com,100,11,True,False,False,True,False,False,False,False,2024-12-26,2025-03-18,False,False,1,atomizelink.icu,124
0,‚ù§Ô∏è URL Shared ‚ù§Ô∏è,https://backlinks-checker.com/share/808013,https://mysmallwall.com/,knicava.com,100,11,True,False,False,True,False,False,False,False,2024-11-27,2024-11-27,False,False,1,backlinks-checker.com,153
0,Seo.Domains - The top list of SEO domains for sale,https://best-seo-domains.com/839669684f5dfabd5431417cfa8347a6945c3aee/b4df9ffde002571452eb67a6b0fefe13a70aebf5,http://mysmallwall.com/,mysmallwall.com,2002,2,False,False,False,True,False,False,False,False,2024-04-17,2025-01-16,False,False,1,best-seo-domains.com,377
0,Where to buy üöÄ aged domains and backlinks üî• from boost-your-site-with-homepage-backlinks | 4201-7613,https://boost-your-site-with-homepage-backlinks.us/42bd01ee7f613453e84cb8f5d7876407-show.html,http://www.mysmallwall.com/,knicava.com,19004,13,False,False,False,True,False,False,False,False,2025-04-16,2025-04-25,True,False,1,boost-your-site-with-homepage-backlinks.us,13
0,Where to buy üöÄ aged domains and backlinks üî• from browseallexpireddomains | 7463-9088,https://browseallexpireddomains.us/74a6efd39b088e48198bf5b3c4b40b1e-view.html,https://mysmallwall.com/,mysmallwall.com,8004,13,False,False,False,True,False,False,False,False,2025-04-29,2025-04-29,True,False,1,browseallexpireddomains.us,0
0,‚ù§Ô∏è URL Shared ‚ù§Ô∏è,https://buzzshrink.website/share/808013,https://mysmallwall.com/,knicava.com,100,11,True,False,False,True,False,False,False,False,2025-03-17,2025-03-17,False,False,1,buzzshrink.website,43
0,üë≤ Domain Report üë≤,https://bye.fyi/report/1650657,https://mysmallwall.com/,mysmallwall.com,100,11,True,False,False,True,False,False,False,False,2024-10-15,2025-03-16,False,False,1,bye.fyi,196
0,üë≤ Domain Report üë≤,https://byteshort.xyz/report/808013,https://mysmallwall.com/,knicava.com,100,11,True,False,False,True,False,False,False,False,2025-01-04,2025-04-08,False,False,1,byteshort.xyz,115
0,Building Links Through Category Page ‚Äì SEO ‚Äì BYTEYO,https://byteyo.com/building-links-through-category-page-seo/,https://mysmallwall.com/,mysmallwall,5005,27,False,False,False,True,False,False,False,False,2024-12-09,2025-04-23,False,False,1,byteyo.com,141
0,WEB DIRECTORY,https://centralc.pages.dev/02/TgaEreFTxo,https://mysmallwall.com/,knicava.com,10003,1,True,False,False,True,False,False,False,False,2024-10-28,2025-04-07,False,False,1,centralc.pages.dev,183
0,website list 1386 |,https://clicktoselldirectoy.com/website-list-1386/,https://mysmallwall.com/,mysmallwall,5001,19,False,False,False,True,False,False,False,False,2024-02-21,2025-04-05,False,False,1,clicktoselldirectoy.com,433
0,Where to buy üöÄ aged domains and backlinks üî• from conference | 8784-5443,https://conference.delhi.in/pg-b8af7fdd84cc544307991e16dccbc665.html,https://mysmallwall.com/,mysmallwall.com,19004,13,False,False,False,True,False,False,False,False,2025-03-30,2025-04-15,True,False,1,conference.delhi.in,30
0,WEB DIRECTORY,https://daisye.pages.dev/03/LsYvAKGKbJ,https://mysmallwall.com/,mysmallwall.com,10003,1,True,False,False,True,False,False,False,False,2024-04-24,2025-04-22,False,False,1,daisye.pages.dev,370
0,Where to buy üöÄ aged domains and backlinks üî• from domains-links-backlinks-all-for-purchase | 4448-6897,https://domains-links-backlinks-all-for-purchase.homes/d4448adf6a8cde979cefd8b8c15d9693-list,http://www.mysmallwall.com/,knicava.com,20004,13,False,False,False,True,False,False,False,False,2025-04-21,2025-04-21,True,False,1,domains-links-backlinks-all-for-purchase.homes,8
0,Building Links Through Category Page ‚Äì SEO ‚Äì DOTIQO,https://dotiqo.com/building-links-through-category-page-seo/,https://mysmallwall.com/,mysmallwall,5002,27,False,False,False,True,False,False,False,False,2024-11-22,2025-04-28,False,False,1,dotiqo.com,158
0,Where to buy üöÄ aged domains and backlinks üî• from dr70-links | 5486-7499,https://dr70-links.co.uk/show-5c4d86f7c499d9a2649b9723d59c4b87,https://mysmallwall.com/,mysmallwall.com,13004,13,False,False,False,True,False,False,False,False,2025-04-22,2025-04-22,True,False,1,dr70-links.co.uk,7
0,üë≤ Domain Report üë≤,https://drjack.world/report/808013,http://www.mysmallwall.com/,knicava.com,100,11,True,False,False,True,False,False,False,False,2024-11-16,2025-04-19,False,False,1,drjack.world,164
0,Where to buy üöÄ aged domains and backlinks üî• from ever-heard-of-homepage-backlinks | 3820-4998,https://ever-heard-of-homepage-backlinks.bond/38e204c99d85d635b782430ceeb184aa-pages,https://mysmallwall.com/,mysmallwall.com,20004,13,False,False,False,True,False,False,False,False,2025-04-13,2025-04-22,True,False,1,ever-heard-of-homepage-backlinks.bond,16
0,Building Links Through Category Page ‚Äì SEO ‚Äì FASTOQ,https://fastoq.com/building-links-through-category-page-seo/,https://mysmallwall.com/,mysmallwall,5005,27,False,False,False,True,False,False,False,False,2024-12-05,2025-04-26,False,False,1,fastoq.com,145
0,website list 1386 |,https://faucre.com/website-list-1386/,https://mysmallwall.com/,mysmallwall,5001,12,False,False,False,True,False,False,False,False,2024-11-25,2025-04-14,False,False,1,faucre.com,155
0,website list 1386 ‚Äì FDUTY,https://fduty.com/website-list-1386/,https://mysmallwall.com/,mysmallwall,5000,33,False,False,False,True,False,False,False,False,2024-08-22,2025-04-11,False,False,1,fduty.com,250
0,Where to buy üöÄ aged domains and backlinks üî• from FLDH | 4422-2732,https://fldh.info/4ba42ded2b2e73a2b257430952d8eef9-domains.html,https://mysmallwall.com/,knicava.com,10161,12,False,False,False,True,False,False,False,False,2024-12-25,2025-01-12,False,False,1,fldh.info,125
0,Where to buy üöÄ aged domains and backlinks üî• from full-expired-domain-lists | 5192-3633,https://full-expired-domain-lists.us/listing-5b19b2363cfe30f77086a1e45e938792.html,https://mysmallwall.com/,mysmallwall.com,15004,13,False,False,False,True,False,False,False,False,2025-04-02,2025-04-19,True,False,1,full-expired-domain-lists.us,27
0,Top Global Websites Directory,https://global-rank.pages.dev/10/wMpJUkoKqF,https://mysmallwall.com/,mysmallwall.com,10003,1,True,False,False,True,False,False,False,False,2024-07-01,2025-04-26,False,False,1,global-rank.pages.dev,302
0,WEB DIRECTORY,https://global-ranks.pages.dev/46/LsYvAKGKbJ,https://mysmallwall.com/,mysmallwall.com,10003,1,True,False,False,True,False,False,False,False,2024-06-05,2025-04-28,False,False,1,global-ranks.pages.dev,328
0,Where to buy üöÄ aged domains and backlinks üî• from great-choice-for-pbn-domains | 9219-5512,https://great-choice-for-pbn-domains.co.uk/9a219551207d1aceb1c62f5915f9e36e-str,https://mysmallwall.com/,mysmallwall.com,9004,13,False,False,False,True,False,False,False,False,2025-04-05,2025-04-22,True,False,1,great-choice-for-pbn-domains.co.uk,24
0,Home Based Jobs For Disabled Veterans-5445 | Heaven Article,https://heavenarticle.com/home-based-jobs-for-disabled-veterans-5445/,https://mysmallwall.com/,mysmallwall,5004,36,False,False,False,True,False,False,False,False,2024-01-26,2025-04-20,False,False,1,heavenarticle.com,459
0,How to Make Your Bed Like a Luxury Hotel - The Decorologist,https://i7468656465636f726f6c6f67697374o636f6dz.oszar.com/how-to-make-your-bed-like-a-luxury-hotel/,http://www.mysmallwall.com/,julie,1,88,True,False,True,True,False,False,False,False,2025-01-29,2025-01-29,False,False,1,i7468656465636f726f6c6f67697374o636f6dz.oszar.com,90
0,List-1386 | ICMSMT Conference,https://icmsmt.com/list-1386/,https://mysmallwall.com/,mysmallwall.com,5000,5,False,False,False,True,False,False,False,False,2025-02-05,2025-04-11,False,False,1,icmsmt.com,83
0,Where to buy üöÄ aged domains and backlinks üî• from JacobVerghese | 0651-8111,https://jacobverghese.info/065fb181aca1e109b9c6480c7d3fcceb-list.html,http://www.mysmallwall.com/,knicava.com,20042,13,False,False,False,True,False,False,False,False,2025-04-23,2025-04-23,True,False,1,jacobverghese.info,6
0,Where to buy üöÄ aged domains and backlinks üî• from JobsApp | 0506-3691,https://jobsapp.info/0d50636b9fcf1412bffcf35e47376cfe-l/,https://mysmallwall.com/,mysmallwall.com,9042,13,False,False,False,True,False,False,False,False,2025-02-03,2025-04-23,False,False,1,jobsapp.info,85
0,Where to buy üöÄ aged domains and backlinks üî• from katmoviehd | 6653-1576,https://katmoviehd.wf/list-66ee5d315769fa4c5aa0b6282d1013c2,http://www.mysmallwall.com/,knicava.com,12004,13,False,False,False,True,False,False,False,False,2025-04-28,2025-04-28,True,False,1,katmoviehd.wf,1
0,Where to buy üöÄ aged domains and backlinks üî• from kompromat100 | 0306-5046,https://kompromat100.info/dom-id-03ef0ac6f50c467267bb33f79bce3b36.html,https://mysmallwall.com/,mysmallwall.com,3529,12,False,False,False,True,False,False,False,False,2024-12-28,2025-01-15,False,False,1,kompromat100.info,122
0,website list 1386 |,https://linkodirectory.com/website-list-1386/,https://mysmallwall.com/,mysmallwall,5003,23,False,False,False,True,False,False,False,False,2024-06-03,2025-04-13,False,False,1,linkodirectory.com,330
0,website list 1386 |,https://listodirectory.com/website-list-1386/,https://mysmallwall.com/,mysmallwall,5001,19,False,False,False,True,False,False,False,False,2024-03-04,2025-04-07,False,False,1,listodirectory.com,421
0,"Lons_Designs | An Interior Design ""HotSpot"" for inspiration and information‚Ä¶ ""Interior Design is Art!""‚Ñ¢",https://lonsdesigns.wordpress.com/,http://mysmallwall.com/products.php,here,37,178,False,False,False,True,False,False,False,False,2025-03-17,2025-03-17,False,False,1,lonsdesigns.wordpress.com,43
0,Where to buy üöÄ aged domains and backlinks üî• from mmwatches | 6121-9319,https://mmwatches.co.uk/ef6121e93b196a3511f260482334f513-listing,https://mysmallwall.com/,mysmallwall.com,18004,13,False,False,False,True,False,False,False,False,2025-04-18,2025-04-27,True,False,1,mmwatches.co.uk,11
0,Where to buy üöÄ aged domains and backlinks üî• from moneygame | 0292-9924,https://moneygame.pro/l-02e9db29924ebfa98db642bfbdd8300a.html,http://www.mysmallwall.com/,knicava.com,15042,13,False,False,False,True,False,False,False,False,2025-04-19,2025-04-27,True,False,1,moneygame.pro,10
0,Where to buy üöÄ aged domains and backlinks üî• from moviesrock | 3719-3653,https://moviesrock.nl/items-37e1fd93fb6530863269d4751f80ca78,https://mysmallwall.com/,mysmallwall.com,13042,13,False,False,False,True,False,False,False,False,2025-04-13,2025-04-23,True,False,1,moviesrock.nl,16
0,Where to buy üöÄ aged domains and backlinks üî• from MundoTecnologia | 2011-9652,https://mundotecnologia.info/2b01fef196a5c2966c179593d00ee390-domains.html,https://mysmallwall.com/,mysmallwall.com,10004,13,False,False,False,True,False,False,False,False,2025-01-28,2025-04-28,False,False,1,mundotecnologia.info,91
0,Where to buy üöÄ aged domains and backlinks üî• from myhon | 4365-2882,https://myhon.ch/show-43a65288ce219363f7afb3ee0c15d778.html,http://www.mysmallwall.com/,knicava.com,15042,13,False,False,False,True,False,False,False,False,2025-04-23,2025-04-23,True,False,1,myhon.ch,6
0,Where to buy üöÄ aged domains and backlinks üî• from newest-expired-domains-here | 6007-9150,https://newest-expired-domains-here.click/view-60079fece1ad50f4f3fc3ec0ee271e00,http://www.mysmallwall.com/,knicava.com,13004,13,False,False,False,True,False,False,False,False,2025-04-17,2025-04-25,True,False,1,newest-expired-domains-here.click,12
0,Building Links Through Category Page ‚Äì SEO ‚Äì NEXIOE,https://nexioe.com/building-links-through-category-page-seo/,https://mysmallwall.com/,mysmallwall,5000,6,False,False,False,True,False,False,False,False,2024-11-20,2025-04-22,False,False,1,nexioe.com,160
0,Small Wall - Lebanon Tennessee,https://painterscout.com/contractor/tennessee/small-wall/,https://mysmallwall.com/contact,Website,5,24,True,False,False,True,False,False,False,False,2025-01-19,2025-04-26,False,False,1,painterscout.com,100
0,website list 1386 ‚Äì PRO LINKS DIRECTORY,https://prolinksdirectory.com/website-list-1386/,https://mysmallwall.com/,mysmallwall,5004,68,False,False,False,True,False,False,False,False,2024-11-20,2025-04-20,False,False,1,prolinksdirectory.com,160
0,website list 1386 ‚Äì PRO SEO LINKS DIRECTORY,https://proseolinksdirectory.com/website-list-1386/,https://mysmallwall.com/,mysmallwall,5006,66,False,False,False,True,False,False,False,False,2024-05-13,2025-04-26,False,False,1,proseolinksdirectory.com,351
0,Where to buy üöÄ aged domains and backlinks üî• from qa-animals | 0306-5046,https://qa-animals.info/id-03ef0ac6f50c467267bb33f79bce3b36-list.html,https://mysmallwall.com/,mysmallwall.com,3529,12,False,False,False,True,False,False,False,False,2025-01-01,2025-01-12,False,False,1,qa-animals.info,118
0,Top Global Websites Directory,https://qilins.pages.dev/01/wMpJUkoKqF,https://mysmallwall.com/,mysmallwall.com,10003,1,True,False,False,True,False,False,False,False,2024-02-24,2024-12-22,False,False,1,qilins.pages.dev,430
0,üë≤ Domain Report üë≤,https://quero.party/report/1650657,https://mysmallwall.com/,mysmallwall.com,100,11,True,False,False,True,False,False,False,False,2024-12-18,2024-12-18,False,False,1,quero.party,132
0,website list 1386 |,https://rankmakerdirectory.com/website-list-1386/,https://mysmallwall.com/,mysmallwall,5001,19,False,False,False,True,False,False,False,False,2024-09-12,2024-11-26,False,False,1,rankmakerdirectory.com,229
0,website list 1386 |,https://raretopsitesdirectory.com/website-list-1386/,https://mysmallwall.com/,mysmallwall,5001,19,False,False,False,True,False,False,False,False,2024-02-23,2025-04-07,False,False,1,raretopsitesdirectory.com,431
0,Where to buy üöÄ aged domains and backlinks üî• from readme-txt | 4456-4348,https://readme-txt.ro/44564f34bdb88e8fc9339dd9cce42b88-listing,https://mysmallwall.com/,mysmallwall.com,9004,13,False,False,False,True,False,False,False,False,2025-04-22,2025-04-22,True,False,1,readme-txt.ro,7
0,"Knicava Llc, The Maker's Of Small Wall¬Æ Research by SuperAGI","https://sales.superagi.com/company/knicava-llc,-the-maker's-of-small-wall%C2%AE",https://www.mysmallwall.com/,www.mysmallwall.com link_icon,4,1,False,False,False,False,False,False,True,False,2025-03-23,2025-04-22,False,False,1,sales.superagi.com,37
0,BLOG id: 4ba42ded2b2e73a2b257430952d8eef9 | Selfie Battles are for amateurs Tim - Kalin from SeoDomains here,https://selfie-battles-are-for-amateurs-tim--kalin-from-seodomains-here.com/doms-4ba42ded2b2e73a2b257430952d8eef9.html,https://mysmallwall.com/,knicava.com,10161,12,False,False,False,True,False,False,False,False,2025-01-06,2025-01-06,False,False,1,selfie-battles-are-for-amateurs-tim--kalin-from-seodomains-here.com,113
0,Where to buy üöÄ aged domains and backlinks üî• from seo-revealed | 5266-9709,https://seo-revealed.club/items-5c266f9709be1f0fb5bab13a2d132870,http://www.mysmallwall.com/,knicava.com,19004,13,False,False,False,True,False,False,False,False,2025-04-19,2025-04-28,True,False,1,seo-revealed.club,10
0,"We rely on real data, not wishful thinking, visit SeoFlox.com",https://seoflox.io/q/ekhgk-rank-website-on-first-page/,https://mysmallwall.com/,We built trust in niche spots first‚Äîmysmallwall.com reaped the rewards on SeoFlox.com.,7000,1003,True,False,False,True,False,False,False,False,2025-01-25,2025-04-26,False,False,1,seoflox.io,94
0,Where to buy üöÄ aged domains and backlinks üî• from sergechel | 0306-5046,https://sergechel.info/list-03ef0ac6f50c467267bb33f79bce3b36,https://mysmallwall.com/,mysmallwall.com,3529,12,False,False,False,True,False,False,False,False,2024-12-31,2025-01-21,False,False,1,sergechel.info,119
0,‚ù§Ô∏è URL Shared ‚ù§Ô∏è,https://shortenurls.eu/share/808013,https://mysmallwall.com/,knicava.com,100,11,True,False,False,True,False,False,False,False,2025-04-08,2025-04-08,True,False,1,shortenurls.eu,21
0,website list 1386 ‚Äì Sites Newses,https://sitesnewses.com/website-list-1386/,https://mysmallwall.com/,mysmallwall,5005,27,False,False,False,True,False,False,False,False,2024-12-03,2025-04-27,False,False,1,sitesnewses.com,147
0,Building Links Through Category Page ‚Äì SEO ‚Äì SNAPIY,https://snapiy.com/building-links-through-category-page-seo/,https://mysmallwall.com/,mysmallwall,5005,27,False,False,False,True,False,False,False,False,2024-12-08,2025-04-26,False,False,1,snapiy.com,142
0,website list 1386 |,https://socialyta.com/website-list-1386/,https://mysmallwall.com/,mysmallwall,5001,19,False,False,False,True,False,False,False,False,2024-07-11,2025-04-07,False,False,1,socialyta.com,292
0,Where to buy üöÄ aged domains and backlinks üî• from sunnyside-pbn-domains | 1134-0435,https://sunnyside-pbn-domains.club/11b34043e5f9a40a8d28198c6dcb0fc9-str,https://mysmallwall.com/,mysmallwall.com,19004,13,False,False,False,True,False,False,False,False,2025-04-14,2025-04-23,True,False,1,sunnyside-pbn-domains.club,15
0,website list 1386 ‚Äì SUOHK,https://suohk.com/website-list-1386/,https://mysmallwall.com/,mysmallwall,5005,35,False,False,False,True,False,False,False,False,2023-10-06,2025-01-08,False,False,1,suohk.com,571
0,Where to buy üöÄ aged domains and backlinks üî• from thebestbacklinksavailable | 7277-6008,https://thebestbacklinksavailable.click/727d7aac6008f32d8f280226f608005a-items,http://www.mysmallwall.com/,knicava.com,9004,13,False,False,False,True,False,False,False,False,2025-04-21,2025-04-21,True,False,1,thebestbacklinksavailable.click,8
0,SEO Services & Strategies ‚Äì Pay after Work on Uplinke.com,https://uplinke-seo-services.za.com/yfjz/,https://mysmallwall.com/,Elevate mysmallwall.com SEO with comprehensive strategies and services on Uplinke.com,20000,2004,True,False,False,True,False,False,False,False,2024-07-03,2025-04-13,False,False,1,uplinke-seo-services.za.com,300
0,URL Shared,https://urls-shortener.eu/share/146699,https://mysmallwall.com/,mysmallwall.com,100,11,True,False,False,True,False,False,False,False,2024-06-27,2024-10-03,False,True,1,urls-shortener.eu,306
0,Building Links Through Category Page ‚Äì SEO ‚Äì VEWNET,https://vewnet.com/building-links-through-category-page-seo/,https://mysmallwall.com/,mysmallwall,5005,27,False,False,False,True,False,False,False,False,2024-12-08,2025-04-08,False,False,1,vewnet.com,142
0,Where to buy üöÄ aged domains and backlinks üî• from vix | 3324-9231,https://vix.lt/show-d33d2a49d2a31cc50a81a212a0e8edf4,https://mysmallwall.com/,mysmallwall.com,12004,13,False,False,False,True,False,False,False,False,2025-04-12,2025-04-24,True,False,1,vix.lt,17
0,WORLD BUSINESS ARTICLES,https://web.thecloudherald.com/002/svHyjbtdsR,https://mysmallwall.com/,mysmallwall.com,5000,0,True,False,False,True,False,False,False,False,2024-08-28,2025-01-09,False,False,1,web.thecloudherald.com,244
0,Building Links Through Category Page ‚Äì SEO ‚Äì WEBGOZ,https://webgoz.com/building-links-through-category-page-seo/,https://mysmallwall.com/,mysmallwall,5004,27,False,False,False,True,False,False,False,False,2024-12-12,2025-04-29,False,False,1,webgoz.com,138
0,website list 1386 | Web Ranks Directory,https://webranksdirectory.com/website-list-1386/,https://mysmallwall.com/,mysmallwall,5004,28,False,False,False,True,False,False,False,False,2024-04-27,2025-04-11,False,False,1,webranksdirectory.com,367
0,Home Based Jobs For Disabled Veterans-5445 | Webs Country,https://webscountry.com/home-based-jobs-for-disabled-veterans-5445/,https://mysmallwall.com/,mysmallwall,5002,24,False,False,False,True,False,False,False,False,2023-10-28,2025-01-26,False,False,1,webscountry.com,549
0,Building Links Through Category Page ‚Äì SEO ‚Äì Web SEO Directory,https://webseodirectory.com/building-links-through-category-page-seo/,https://mysmallwall.com/,mysmallwall,5000,45,False,False,False,True,False,False,False,False,2024-05-08,2024-12-10,False,False,1,webseodirectory.com,356
0,Where to buy üöÄ aged domains and backlinks üî• from what-happens-next | 3373-7633,https://what-happens-next.xyz/list-3373ac76334b821a65121a18dfc610a6,https://mysmallwall.com/,knicava.com,9004,13,False,False,False,True,False,False,False,False,2025-04-12,2025-04-12,True,False,1,what-happens-next.xyz,17
0,Where to buy üöÄ aged domains and backlinks üî• from who-wants-pbn-links | 0408-8605,https://who-wants-pbn-links.xyz/results-e0d4a088605d20d912fe0394d5111862,https://mysmallwall.com/,mysmallwall.com,18004,13,False,False,False,True,False,False,False,False,2025-04-19,2025-04-28,True,False,1,who-wants-pbn-links.xyz,10
0,Where to buy üöÄ aged domains and backlinks üî• from wikipebia | 1697-3608,https://wikipebia.org/str-16bf9b73c6ae089f91a811c9100c54bd.html,http://www.mysmallwall.com/,knicava.com,19004,13,False,False,False,True,False,False,False,False,2025-04-29,2025-04-29,True,False,1,wikipebia.org,0
0,WORLD BUSINESS ARTICLES,https://world-business-articles.pages.dev/002/svHyjbtdsR,https://mysmallwall.com/,mysmallwall.com,5000,0,True,False,False,True,False,False,False,False,2024-05-30,2025-01-04,False,False,1,world-business-articles.pages.dev,334
0,Where to buy üöÄ aged domains and backlinks üî• from worldclasspbnlinks | 3268-7590,https://worldclasspbnlinks.biz/view-3a268f7aca5c90a318600d5d5f04ce2e,https://mysmallwall.com/,mysmallwall.com,16004,13,False,False,False,True,False,False,False,False,2025-04-10,2025-04-27,True,False,1,worldclasspbnlinks.biz,19
0,Your House Colors! Get Ready for Testing Paint Color Tips! | ArtTalk,https://www.barbarajacobsfineart.com/blog/183477/your-house-colors-get-ready-for-testing-paint-color-tips,http://mysmallwall.com/,Small W all,13,49,False,False,False,True,False,False,False,False,2025-01-19,2025-01-22,False,True,1,barbarajacobsfineart.com,100
0,Color Monday: Splash it; finding cues; and My Small Wall - oregonlive.com,https://www.oregonlive.com/hg/2011/04/color_monday_splash_it_finding.html,http://www.mysmallwall.com/,My Small Wall,23,62,False,False,False,True,False,False,False,False,2025-04-18,2025-04-24,True,False,1,oregonlive.com,11
0,"Small Wall‚Äôs Competitors, Revenue, Number of Employees, Funding, Acquisitions & News - Owler Company Profile",https://www.owler.com/company/mysmallwall,http://www.mysmallwall.com/,http://www.mysmallwall.com,9,43,True,False,False,True,False,False,False,False,2025-02-15,2025-02-15,False,False,1,owler.com,73
0,Building Links Through Category Page ‚Äì SEO ‚Äì YEXHUB,https://yexhub.com/building-links-through-category-page-seo/,https://mysmallwall.com/,mysmallwall,5005,27,False,False,False,True,False,False,False,False,2024-11-17,2025-04-26,False,False,1,yexhub.com,163
0,Where to buy üöÄ aged domains and backlinks üî• from you-found-the-hidden-link | 4831-3497,https://you-found-the-hidden-link.xyz/list-b4831f349a7b020b944f01b4122b6c90,http://www.mysmallwall.com/,knicava.com,13004,13,False,False,False,True,False,False,False,False,2025-04-17,2025-04-25,True,False,1,you-found-the-hidden-link.xyz,12
0,Building Links Through Category Page ‚Äì SEO ‚Äì ZIPTET,https://ziptet.com/building-links-through-category-page-seo/,https://mysmallwall.com/,mysmallwall,5003,27,False,False,False,True,False,False,False,False,2024-12-01,2025-04-27,False,False,1,ziptet.com,149
0,Building Links Through Category Page ‚Äì SEO ‚Äì ZIPZYX,https://zipzyx.com/building-links-through-category-page-seo/,https://mysmallwall.com/,mysmallwall,5002,27,False,False,False,True,False,False,False,False,2024-11-16,2025-04-08,False,False,1,zipzyx.com,164
