Page ascore,Source title,Source url,Target url,Anchor,External links,Internal links,Nofollow,Sponsored,Ugc,Text,Frame,Form,Image,Sitewide,First seen,Last seen,New link,Lost link,Main Domain
17,Contact: The Millings - Care Quality Commission,https://communities.cqc.org.uk/location/1-110224655/contact,https://www.residential-homes.net/,https://www.residential-homes.net,4,73,False,False,False,True,False,False,False,False,2024-08-14,2025-03-18,False,False,cqc.org.uk
17,Contact: The Millings - Care Quality Commission,https://dev.cqc.org.uk/location/1-110224655/contact,https://www.residential-homes.net/,https://www.residential-homes.net,4,73,False,False,False,True,False,False,False,False,2024-12-04,2025-03-20,False,False,cqc.org.uk
17,Contact: Clifton St. Anne's Personal Care Services Limited - Care Quality Commission,https://dev.cqc.org.uk/provider/1-101616102/contact,https://www.residential-homes.net/,https://www.residential-homes.net,4,70,False,False,False,True,False,False,False,False,2024-11-03,2025-04-09,False,False,cqc.org.uk
17,Contact: The Millings - Care Quality Commission,https://test.cqc.org.uk/location/1-110224655/contact,https://www.residential-homes.net/,https://www.residential-homes.net,4,73,False,False,False,True,False,False,False,False,2024-12-05,2025-01-27,False,False,cqc.org.uk
17,Contact: St Johns House - Care Quality Commission,https://test.cqc.org.uk/location/1-110224681/contact,https://www.residential-homes.net/,https://www.residential-homes.net,4,73,False,False,False,True,False,False,False,False,2024-10-10,2025-01-23,False,False,cqc.org.uk
17,Contact: Clifton St. Anne's Personal Care Services Limited - Care Quality Commission,https://test.cqc.org.uk/provider/1-101616102/contact,https://www.residential-homes.net/,https://www.residential-homes.net,4,70,False,False,False,True,False,False,False,False,2024-11-23,2025-01-16,False,False,cqc.org.uk
17,Contact: The Millings - Care Quality Commission,https://www.cqc.org.uk/location/1-110224655/contact,https://www.residential-homes.net/,https://www.residential-homes.net,4,71,False,False,False,True,False,False,False,False,2024-10-21,2025-03-22,False,False,cqc.org.uk
17,Contact: St Johns House - Care Quality Commission,https://www.cqc.org.uk/location/1-110224681/contact,https://www.residential-homes.net/,https://www.residential-homes.net,4,71,False,False,False,True,False,False,False,False,2024-09-23,2025-03-17,False,False,cqc.org.uk
16,Contact: St Johns House - Care Quality Commission,https://communities.cqc.org.uk/location/1-110224681/contact,https://www.residential-homes.net/,https://www.residential-homes.net,4,73,False,False,False,True,False,False,False,False,2024-10-02,2025-05-04,False,False,cqc.org.uk
16,Contact: Clifton St. Anne's Personal Care Services Limited - Care Quality Commission,https://communities.cqc.org.uk/provider/1-101616102/contact,https://www.residential-homes.net/,https://www.residential-homes.net,4,70,False,False,False,True,False,False,False,False,2024-11-14,2025-04-22,False,False,cqc.org.uk
16,Contact: St Johns House - Care Quality Commission,https://dev.cqc.org.uk/location/1-110224681/contact,https://www.residential-homes.net/,https://www.residential-homes.net,4,73,False,False,False,True,False,False,False,False,2024-11-28,2025-05-04,False,False,cqc.org.uk
16,Contact: Clifton St. Anne's Personal Care Services Limited - Care Quality Commission,https://www.cqc.org.uk/provider/1-101616102/contact,https://www.residential-homes.net/,https://www.residential-homes.net,4,68,False,False,False,True,False,False,False,False,2024-08-03,2025-05-06,False,False,cqc.org.uk
12,St Johns House : HousingCare,https://housingcare.org/housing-care/facility-info-125021-st-johns-house-kirk-hammerton-england,https://www.residential-homes.net/,View St Johns House on our website,3,85,False,False,False,True,False,False,False,False,2024-12-16,2025-05-08,False,False,housingcare.org
12,The Millings : HousingCare,https://housingcare.org/housing-care/facility-info-125112-the-millings-bedale-england,https://www.residential-homes.net/,View The Millings on our website,3,85,False,False,False,True,False,False,False,False,2024-10-11,2025-04-26,False,False,housingcare.org
12,Housing and care home provider: Clifton St Annes PCS Limited : HousingCare,https://housingcare.org/housing-care/provhomes-29006-clifton-st-annes-pcs-limited,https://www.residential-homes.net/,Visit our website,3,83,False,False,False,True,False,False,False,False,2024-09-08,2025-04-29,False,False,housingcare.org
12,Housing and care home provider: Clifton St Annes PCS Limited : HousingCare,https://housingcare.org/housing-care/provider-29006-clifton-st-annes-pcs-limited,https://www.residential-homes.net/,Visit our website,3,83,False,False,False,True,False,False,False,False,2024-09-12,2025-05-02,False,False,housingcare.org
10,"Nursing Homes in Anchorage Hill, North Yorkshire | Care Choices",https://www.carechoices.co.uk/browse/yorkshire-and-the-humber/north-yorkshire/anchorage-hill/care-home-with-nursing/,https://www.residential-homes.net/,www.residential-homes.net,10,90,False,False,False,True,False,False,False,False,2024-12-08,2025-03-06,False,True,carechoices.co.uk
10,"Nursing Homes in Boulton Crofts, North Yorkshire | Care Choices",https://www.carechoices.co.uk/browse/yorkshire-and-the-humber/north-yorkshire/boulton-crofts/care-home-with-nursing/,https://www.residential-homes.net/,www.residential-homes.net,9,87,False,False,False,True,False,False,False,False,2024-12-03,2025-03-05,False,True,carechoices.co.uk
10,"Care Homes in Colsterdale, North Yorkshire | Care Choices",https://www.carechoices.co.uk/browse/yorkshire-and-the-humber/north-yorkshire/colsterdale/,https://www.residential-homes.net/,www.residential-homes.net,12,96,False,False,False,True,False,False,False,False,2023-07-16,2025-02-04,False,True,carechoices.co.uk
10,"Nursing Homes in East Witton, North Yorkshire | Care Choices",https://www.carechoices.co.uk/browse/yorkshire-and-the-humber/north-yorkshire/east-witton/care-home-with-nursing/,https://www.residential-homes.net/,www.residential-homes.net,10,87,False,False,False,True,False,False,False,False,2024-11-28,2025-03-02,False,True,carechoices.co.uk
10,"Nursing Homes in Ellingstring, North Yorkshire | Care Choices",https://www.carechoices.co.uk/browse/yorkshire-and-the-humber/north-yorkshire/ellingstring/care-home-with-nursing/,https://www.residential-homes.net/,www.residential-homes.net,10,87,False,False,False,True,False,False,False,False,2024-11-28,2025-02-27,False,True,carechoices.co.uk
10,"Nursing Homes in Finghall, North Yorkshire | Care Choices",https://www.carechoices.co.uk/browse/yorkshire-and-the-humber/north-yorkshire/finghall/care-home-with-nursing/,https://www.residential-homes.net/,www.residential-homes.net,10,91,False,False,False,True,False,False,False,False,2024-12-02,2025-03-02,False,True,carechoices.co.uk
10,"Nursing Homes in Friars' Closes, North Yorkshire | Care Choices",https://www.carechoices.co.uk/browse/yorkshire-and-the-humber/north-yorkshire/friars'-closes/care-home-with-nursing/,https://www.residential-homes.net/,www.residential-homes.net,10,88,False,False,False,True,False,False,False,False,2024-12-13,2025-03-15,False,True,carechoices.co.uk
10,"Nursing Homes in High Ellington, North Yorkshire | Care Choices",https://www.carechoices.co.uk/browse/yorkshire-and-the-humber/north-yorkshire/high-ellington/care-home-with-nursing/,https://www.residential-homes.net/,www.residential-homes.net,11,88,False,False,False,True,False,False,False,False,2024-12-12,2025-03-12,False,True,carechoices.co.uk
10,"Nursing Homes in Leyburn, North Yorkshire | Care Choices",https://www.carechoices.co.uk/browse/yorkshire-and-the-humber/north-yorkshire/leyburn/care-home-with-nursing/,https://www.residential-homes.net/,www.residential-homes.net,10,87,False,False,False,True,False,False,False,False,2024-12-05,2025-03-17,False,True,carechoices.co.uk
10,"Nursing Homes in Rookwith, North Yorkshire | Care Choices",https://www.carechoices.co.uk/browse/yorkshire-and-the-humber/north-yorkshire/rookwith/care-home-with-nursing/,https://www.residential-homes.net/,www.residential-homes.net,10,91,False,False,False,True,False,False,False,False,2024-11-24,2025-02-20,False,True,carechoices.co.uk
10,"Nursing Homes in Sandbeck, North Yorkshire | Care Choices",https://www.carechoices.co.uk/browse/yorkshire-and-the-humber/north-yorkshire/sandbeck/care-home-with-nursing/,https://www.residential-homes.net/,www.residential-homes.net,10,91,False,False,False,True,False,False,False,False,2024-11-24,2025-02-27,False,True,carechoices.co.uk
10,"Nursing Homes in Scotton, North Yorkshire | Care Choices",https://www.carechoices.co.uk/browse/yorkshire-and-the-humber/north-yorkshire/scotton/care-home-with-nursing/,https://www.residential-homes.net/,www.residential-homes.net,10,90,False,False,False,True,False,False,False,False,2024-12-18,2025-03-18,False,True,carechoices.co.uk
10,"Nursing Homes in Skeeby, North Yorkshire | Care Choices",https://www.carechoices.co.uk/browse/yorkshire-and-the-humber/north-yorkshire/skeeby/care-home-with-nursing/,https://www.residential-homes.net/,www.residential-homes.net,15,110,False,False,False,True,False,False,False,False,2024-12-12,2025-03-08,False,True,carechoices.co.uk
10,"Nursing Homes in Spennithorne, North Yorkshire | Care Choices",https://www.carechoices.co.uk/browse/yorkshire-and-the-humber/north-yorkshire/spennithorne/care-home-with-nursing/,https://www.residential-homes.net/,www.residential-homes.net,10,86,False,False,False,True,False,False,False,False,2024-12-11,2025-03-10,False,True,carechoices.co.uk
10,"Nursing Homes in Thirn, North Yorkshire | Care Choices",https://www.carechoices.co.uk/browse/yorkshire-and-the-humber/north-yorkshire/thirn/care-home-with-nursing/,https://www.residential-homes.net/,www.residential-homes.net,11,93,False,False,False,True,False,False,False,False,2024-11-12,2025-02-09,False,True,carechoices.co.uk
10,"Nursing Homes in Thornton Steward, North Yorkshire | Care Choices",https://www.carechoices.co.uk/browse/yorkshire-and-the-humber/north-yorkshire/thornton-steward/care-home-with-nursing/,https://www.residential-homes.net/,www.residential-homes.net,10,90,False,False,False,True,False,False,False,False,2024-12-10,2025-03-06,False,True,carechoices.co.uk
10,"Nursing Homes in Ulshaw, North Yorkshire | Care Choices",https://www.carechoices.co.uk/browse/yorkshire-and-the-humber/north-yorkshire/ulshaw/care-home-with-nursing/,https://www.residential-homes.net/,www.residential-homes.net,10,87,False,False,False,True,False,False,False,False,2024-12-02,2025-03-08,False,True,carechoices.co.uk
9,"Nursing Homes in Brokes, North Yorkshire | Care Choices",https://www.carechoices.co.uk/browse/yorkshire-and-the-humber/north-yorkshire/brokes/care-home-with-nursing/,https://www.residential-homes.net/,www.residential-homes.net,10,88,False,False,False,True,False,False,False,False,2024-10-31,2025-01-22,False,True,carechoices.co.uk
9,"Nursing Homes in Hutton Hang, North Yorkshire | Care Choices",https://www.carechoices.co.uk/browse/yorkshire-and-the-humber/north-yorkshire/hutton-hang/care-home-with-nursing/,https://www.residential-homes.net/,www.residential-homes.net,11,92,False,False,False,True,False,False,False,False,2024-10-21,2025-01-04,False,True,carechoices.co.uk
9,"Care Homes in Leighton, North Yorkshire | Care Choices",https://www.carechoices.co.uk/browse/yorkshire-and-the-humber/north-yorkshire/leighton/,https://www.residential-homes.net/,www.residential-homes.net,13,98,False,False,False,True,False,False,False,False,2023-07-20,2025-02-04,False,True,carechoices.co.uk
8,November Activities | News | Blog | Events | SI Richmond and Dales,https://sigbi.org/richmond-and-dales/2023/12/14/november-activities/,https://www.residential-homes.net/,The Millings,18,106,False,False,False,True,False,False,False,False,2024-08-31,2025-04-22,False,False,sigbi.org
8,"Clifton St Annes Personal Care Services North End, Bedale, North Yorkshire, DL8 1AF",https://www.hotfrog.co.uk/company/1096965220454400/clifton-st-annes-personal-care-services/bedale/children-and-child-care,https://www.residential-homes.net/,www.residential-homes.net,55,74,False,False,False,True,False,False,False,False,2024-10-15,2025-04-19,False,False,hotfrog.co.uk
7,Events 2023-24 | SI Richmond and Dales | SIGBI,https://sigbi.org/richmond-and-dales/past-events-archive/events-2023-24/,https://www.residential-homes.net/,The Millings,69,125,False,False,False,True,False,False,False,False,2024-10-17,2025-05-02,False,False,sigbi.org
6,Contact: The Millings - Care Quality Commission,https://gl-cqc.axis12.com/location/1-110224655/contact,https://www.residential-homes.net/,https://www.residential-homes.net,21,56,False,False,False,True,False,False,False,False,2024-11-19,2025-04-26,False,False,axis12.com
6,Contact: St Johns House - Care Quality Commission,https://gl-cqc.axis12.com/location/1-110224681/contact,https://www.residential-homes.net/,https://www.residential-homes.net,21,56,False,False,False,True,False,False,False,False,2024-08-19,2025-03-28,False,False,axis12.com
6,Contact: Clifton St. Anne's Personal Care Services Limited - Care Quality Commission,https://gl-cqc.axis12.com/provider/1-101616102/contact,https://www.residential-homes.net/,https://www.residential-homes.net,21,53,False,False,False,True,False,False,False,False,2024-11-18,2025-04-27,False,False,axis12.com
6,Contact: The Millings - Care Quality Commission,https://gl-dpcqc.axis12.com/location/1-110224655/contact,https://www.residential-homes.net/,https://www.residential-homes.net,21,56,False,False,False,True,False,False,False,False,2024-11-09,2025-04-04,False,False,axis12.com
6,Contact: Clifton St. Anne's Personal Care Services Limited - Care Quality Commission,https://gl-dpcqc.axis12.com/provider/1-101616102/contact,https://www.residential-homes.net/,https://www.residential-homes.net,21,53,False,False,False,True,False,False,False,False,2024-11-06,2025-04-01,False,False,axis12.com
6,Clifton St Annes Personal Care Services - home care business near me in Bedale North Yorkshire,https://www.find-us-here.com/businesses/Clifton-St-Annes-Personal-Care-Services-Bedale-North-Yorkshire-United-Kingdom/33193641/,https://www.residential-homes.net/,https://www.residential-homes.net/,1,33,False,False,False,True,False,False,False,False,2024-12-01,2025-05-02,False,False,find-us-here.com
6,St Johns House Residential Care Homes York North Yorkshire Home and Garden,https://www.uksmallbusinessdirectory.co.uk/bid/85672/,http://www.residential-homes.net/st_johns.html,http://www.residential-homes.net/st_johns.html,2,14,False,True,False,True,False,False,False,False,2024-04-30,2024-11-29,False,True,uksmallbusinessdirectory.co.uk
