Target,Target type,Authority Score,Backlinks,Domains,IPs,Follow links,Nofollow links,Text links,Image links,Form links,Frame links,Visits
ai-world-barcelona.com,root_domain,11,330,93,115,257,73,164,142,0,0,0
drogariamendes.com,root_domain,2,166,110,101,135,31,148,21,0,0,0
wovenrainbows.com,root_domain,2,366,101,98,75,291,345,21,0,0,0
fitnessjak.com,root_domain,2,280,153,162,273,7,281,0,0,0,0
tunisie-web.org,root_domain,2,1229,164,115,1053,177,421,806,0,0,0
amanya.org,root_domain,2,102,85,82,79,23,102,0,0,0,0
remotioners.com,root_domain,2,7014,2327,3151,6155,858,6650,378,0,0,62
furnishwell.com,root_domain,2,368,94,89,272,96,319,52,0,0,0
mroconnell.net,root_domain,2,126,111,92,81,45,101,26,0,0,0
tamashebi.com,root_domain,3,2769,423,343,1900,870,2744,1,0,0,0
sna40.com,root_domain,6,173,103,107,131,42,152,21,0,0,0
cs-ae.com,root_domain,2,7392,84,70,7370,20,7356,37,0,0,0
fossil-treasures-of-florida.com,root_domain,4,1522,475,443,1018,503,902,623,0,0,0
97pattaya.com,root_domain,8,484,155,167,314,170,429,56,0,0,296
sychene.com,root_domain,6,193,117,103,134,59,158,34,0,0,0
18v.biz,root_domain,3,33949,1667,1669,30125,3809,33357,58,2,9,275
bigcountrybash.com,root_domain,2,152,114,116,121,31,150,2,0,0,0
startupmedia.org,root_domain,4,957,169,185,679,279,938,21,0,0,0
selfdefenseatl.com,root_domain,2,675,91,98,575,100,636,41,0,0,0
cccgallery.org,root_domain,4,837,139,130,750,87,817,20,0,0,0
mainebluesproject.com,root_domain,2,96,79,83,78,18,95,1,0,0,0
laughitout.com,root_domain,6,3432,338,277,2832,601,3379,43,0,1,0
evanlindquist.com,root_domain,4,706,201,213,351,355,662,45,0,0,0
krisallendaily.com,root_domain,2,3055,1309,228,2690,366,624,2446,0,0,0
seo-blogs.biz,root_domain,3,822,169,144,497,325,794,27,0,0,0
zoemicrofestival.com,root_domain,2,325,89,83,158,167,213,112,0,0,0
petbarnventura.com,root_domain,3,163,85,83,68,95,123,40,0,0,0
helpviaggi.com,root_domain,7,2030,491,489,1122,904,1867,151,0,0,244
intensafirestore.com,root_domain,4,400,95,109,341,59,389,9,0,0,0
mo911truth.org,root_domain,4,1136503,197,211,1136157,383,1136851,54,0,0,0
fabricainutil.com,root_domain,5,307,139,144,288,19,291,14,0,0,0
followthis.org,root_domain,2,249,95,92,222,27,255,1,0,0,0
radioshalomhaiti.org,root_domain,2,95,82,83,72,23,95,0,0,0,0
thumbedgalleries.com,root_domain,2,16682,467,379,16239,435,16269,8,2,0,0
cleangalleries.com,root_domain,2,429,228,81,153,276,420,10,0,0,459
anygalleries.com,root_domain,2,1782,206,189,1739,43,1693,19,0,0,506
ministrytomotherhood.com,root_domain,2,728,130,136,346,382,725,5,0,0,0
slutswithphones.com,root_domain,3,61334,153,146,17124,44009,1073,60147,0,0,0
arranenergy.net,root_domain,2,392,126,120,74,318,373,19,0,0,0
audiozen.net,root_domain,2,309,122,110,91,218,253,56,0,0,0
mjswindows.com,root_domain,4,160,86,86,64,96,117,43,0,0,0
mmvapors.com,root_domain,2,1158,167,180,355,803,1066,90,0,0,75
livefussball365.com,root_domain,2,126,77,61,112,14,118,8,0,0,0
onlinesocialprint.com,root_domain,2,230,117,103,170,60,227,3,0,0,0
originalraspberryketone.com,root_domain,2,111,76,58,98,13,111,0,0,0,0
speedtrapbistro.com,root_domain,7,343,98,106,293,50,340,3,0,0,0
drycleanercolumbusohio.com,root_domain,2,221,124,114,92,129,162,59,0,0,0
fidelidadeface.com,root_domain,4,219,118,126,153,66,218,1,0,0,0
morecoolquotes.com,root_domain,2,214,128,118,143,71,186,28,0,0,109
meganrieralettering.com,root_domain,3,252,132,122,142,111,208,45,0,0,0
54-40brewing.com,root_domain,4,672,155,185,379,293,658,15,0,0,0
themeltaways.com,root_domain,5,25185,1071,990,23173,2039,25249,15,0,2,0
thecoupongenerator.com,root_domain,2,220,102,106,206,14,195,0,0,26,0
muzeibelogradchik.com,root_domain,5,331,180,176,279,52,300,31,0,0,0
alphaupgrade.com,root_domain,2,3521,145,200,2545,978,3534,7,0,0,0
scienceteachingjunkie.com,root_domain,15,1050,208,212,754,289,953,31,0,1,276
duplexgallery.com,root_domain,5,505,130,133,239,266,495,11,0,0,0
commackhauppaugeacupuncture.com,root_domain,6,730,200,125,97,632,727,1,0,0,0
alliedprogress.org,root_domain,6,3880,618,637,3430,451,3754,81,4,3,0
charityhasnoboundaries.org,root_domain,4,416,108,119,145,271,415,1,0,0,0
programming-study.com,root_domain,6,2650,343,312,2242,395,1878,771,0,0,0
somaxtv.com,root_domain,3,1657,286,136,1624,33,1156,484,0,17,0
isintesting.com,root_domain,2,1024,102,110,886,138,1018,7,0,0,0
modelkingdom.net,root_domain,12,422,115,118,395,27,422,1,0,0,0
moving-magento.com,root_domain,2,97,84,87,76,21,95,0,0,0,0
kmmediaads.com,root_domain,2,642,111,109,428,214,520,122,0,0,0
piazzavirtuale.net,root_domain,2,271,85,76,49,222,150,118,0,0,0
testleads.net,root_domain,2,187,107,105,70,119,135,52,0,1,0
adwave365.com,root_domain,2,1998,177,212,1235,763,1399,581,0,0,0
776885.com,root_domain,2,198,95,89,61,137,109,89,0,0,0
u2e.net,root_domain,2,187,90,94,86,101,123,64,0,0,0
iamperfekt.com,root_domain,2,182,94,86,75,107,103,79,0,0,0
furwonders.com,root_domain,4,235,88,79,128,107,149,82,0,0,0
selviala.com,root_domain,6,477,85,98,272,205,172,155,0,0,254
mejorespeoresideas.com,root_domain,3,292,109,108,98,194,150,142,0,0,0
citrongingembre.com,root_domain,4,349,103,112,163,182,235,114,0,0,0
iceglow.net,root_domain,2,2046,193,166,1525,522,1968,82,0,0,0
themetonline.org,root_domain,9,476,182,183,294,182,379,94,0,0,0
unitedveteransofmaine.org,root_domain,3,170,102,98,84,86,116,53,0,0,0
avantgardewm.com,root_domain,2,285,123,127,110,175,191,94,0,0,0
agencecri.com,root_domain,5,2343,102,97,2205,138,2245,100,0,0,0
wsavts.net,root_domain,2,206,91,87,73,133,115,91,0,0,0
tiger-marmalade.com,root_domain,4,674,139,142,441,233,557,122,0,1,0
angoramitienda.com,root_domain,8,150,69,62,49,101,72,78,0,0,38
luxurydesignbusinessjournal.com,root_domain,4,274,102,102,79,195,152,122,0,0,0
kokubunji-bonsai.com,root_domain,4,306,116,120,211,95,156,149,0,0,0
lasik-049.com,root_domain,2,1275,140,112,324,952,1243,34,0,0,0
zubinstore.com,root_domain,7,1033,280,223,545,83,971,62,0,0,0
parisenphotos.com,root_domain,2,444,107,104,348,96,350,94,0,0,0
theabilityexchange.com,root_domain,5,465,132,145,124,342,402,64,0,0,0
marketinghoje.com,root_domain,2,235,95,99,143,92,204,31,0,0,0
chakachu.com,root_domain,2,457,104,105,349,108,259,198,0,0,0
growthformance.com,root_domain,2,302,74,99,199,103,237,61,0,0,0
dl3ksa.com,root_domain,2,7345,128,135,7032,311,7202,234,0,0,0
mytechletter.com,root_domain,5,583,129,121,219,364,521,63,0,0,0
squirrelcrasher.com,root_domain,2,422,95,82,50,372,359,63,0,0,0
umsalamejor.com,root_domain,2,188,117,111,100,88,99,89,0,0,0
bookmyarticle.com,root_domain,2,290,137,101,169,121,214,76,0,0,0
kiwimiwi.com,root_domain,2,192,94,65,59,133,128,62,1,0,0
encouragementmatters.org,root_domain,2,1440,112,115,1019,422,1293,148,0,0,0
link-on5.com,root_domain,2,208972,153,162,208759,182,99009,41,0,0,1058
multisyu18.com,root_domain,2,77220,134,153,77145,85,75671,233,0,0,4777
modoo15.com,root_domain,2,44909,112,126,44760,142,5645,42,0,0,0
belink14.com,root_domain,2,16727,101,119,16665,63,8555,38,0,0,0
linkya10.com,root_domain,2,69394,123,144,69203,194,899,36,0,0,17
theblindpoet.com,root_domain,2,356,101,108,101,255,202,154,0,0,0
thegkguru.com,root_domain,2,233,118,85,152,81,176,57,0,0,47
sblcapsec.com,root_domain,2,152,78,53,40,112,96,56,0,0,0
amourforever.com,root_domain,2,197,97,69,50,147,128,69,0,0,0
starcraftspublishing.com,root_domain,2,189,78,79,101,88,117,72,0,0,0
digitalnewscity.com,root_domain,8,141,93,91,81,60,108,33,0,0,0
rodmacphersonphotography.com,root_domain,2,172,96,92,72,100,110,62,0,0,0
pasargadae.org,root_domain,5,1329,103,104,96,1234,1330,0,0,0,0
thegoldeninvestor.com,root_domain,7,233,84,81,53,180,116,117,0,0,0
the-best-sellers.com,root_domain,2,195,125,119,74,121,137,58,0,0,0
diveaquatica.com,root_domain,3,199,80,87,104,95,132,67,0,0,0
aashrayaa.com,root_domain,2,188,95,66,51,137,130,58,0,0,0
rob-rivera.com,root_domain,2,289,125,128,180,109,224,61,0,0,0
michaelmeehanart.com,root_domain,2,181,103,102,97,84,120,61,0,0,0
metro-interieur.com,root_domain,2,526,77,76,52,474,107,419,0,0,0
mashakrupp.com,root_domain,3,189,87,96,98,91,130,59,0,0,0
drakemerchshop.com,root_domain,2,910376,522,659,909867,346,930645,61,0,0,0
4olives.biz,root_domain,2,259,108,99,191,68,226,33,0,0,0
leweekendfestival.com,root_domain,4,179,95,97,122,57,131,48,0,0,0
balmorex-proo.com,root_domain,3,15933,468,479,14974,959,16441,107,0,2,0
cryptoxchangefou.com,root_domain,2,21407,3462,3246,6858,14630,21286,193,0,0,0
sugardefenderr-official.com,root_domain,2,11286,356,361,10487,802,11716,77,0,2,0
espacularaiesa.com,root_domain,2,4524,372,344,1191,3322,3679,848,0,0,0
verticalpigeon.com,root_domain,3,1082,463,444,283,797,1009,71,0,0,0
technologysocialnetworking.com,root_domain,2,28956,198,140,28716,246,28935,140,0,0,0
shoppharmacie-sondage.com,root_domain,5,328,213,207,270,58,295,33,0,0,0
groundswellcornwall.org,root_domain,2,266,135,141,140,126,205,61,0,0,0
lokimun.com,root_domain,2,3555,588,253,1237,2322,3384,176,0,3,0
mp3flat.com,root_domain,2,400,145,145,252,149,371,30,0,0,0
bizconcept.biz,root_domain,2,2362,300,314,1645,719,2302,61,0,2,0
akimbo.biz,root_domain,4,833,227,210,709,124,760,76,0,0,0
edo-shokunin.com,root_domain,4,167,113,111,104,63,133,34,0,0,0
pine1nc.com,root_domain,2,291,119,119,162,129,247,44,0,0,0
alphasdrive.com,root_domain,2,2543,128,76,2462,81,2495,55,0,0,0
travelunion.net,root_domain,2,399,98,100,67,334,339,62,0,0,0
bloodcargo.com,root_domain,2,173,98,99,79,94,114,59,0,0,0
exclusivelysanluis.com,root_domain,2,206,98,91,82,124,136,70,0,0,0
brian-flaherty.com,root_domain,2,181,102,107,73,108,116,65,0,0,0
marketinggs.com,root_domain,2,190,76,79,78,113,120,70,0,1,0
bedellmediaconsulting.com,root_domain,3,186,103,104,91,95,119,67,0,0,0
dejarlo-parafarmacia.com,root_domain,5,277,146,142,177,100,185,92,0,0,0
purulent-doctor.com,root_domain,4,262,118,118,172,90,197,65,0,0,0
jembertraveler.com,root_domain,3,475,148,130,278,197,266,208,0,0,0
bemidjiwx.com,root_domain,4,302,98,95,188,114,155,147,0,0,0
junglenurseryaz.com,root_domain,2,16061,106,105,15970,89,16034,65,0,0,0
thepenguin.biz,root_domain,2,465,128,147,164,301,430,37,0,0,0
fhzn-gz.com,root_domain,2,380,160,150,295,85,297,81,2,0,0
s-mall918.com,root_domain,2,233,96,78,90,143,140,93,0,0,0
iamp3.com,root_domain,2,127,56,56,34,93,53,65,0,9,0
365aikan.com,root_domain,2,541,101,111,272,269,341,74,0,0,0
mixxrehoboth.com,root_domain,3,224,105,105,119,105,159,65,0,0,0
049595.com,root_domain,2,261,126,123,104,157,152,109,0,0,0
097673.com,root_domain,2,175,102,101,78,97,117,58,0,0,0
crkj58.com,root_domain,2,424,143,139,339,85,346,72,6,0,0
gp32wip.com,root_domain,2,8164,153,121,7545,623,7980,174,0,0,0
askolivertausend.com,root_domain,2,611,177,173,179,432,539,71,0,0,0
imetabo.com,root_domain,2,2283,271,200,2103,180,2224,65,0,0,0
thesocialsecrets.com,root_domain,2,742,103,105,590,152,368,375,0,0,0
organicbabygiftboutique.com,root_domain,2,1838,160,133,1015,823,1412,424,0,0,0
ja-ta.com,root_domain,2,736,270,216,490,245,613,124,1,0,0
maniascripts.biz,root_domain,2,352,123,133,125,227,281,70,0,0,0
directory7.biz,root_domain,2,298,143,138,234,64,296,4,0,0,179
karinkohlberg.com,root_domain,4,175,99,103,91,84,110,65,0,0,0
myeliteva.com,root_domain,2,83,72,76,70,13,83,0,0,0,0
sowndhaus.com,root_domain,2,1716,140,149,895,821,1695,12,0,8,100
binderful.com,root_domain,2,290,88,98,111,179,285,5,0,0,0
someonesbones.com,root_domain,5,1984,371,388,1444,537,1866,117,0,2,0
testingthenet.com,root_domain,5,24810,884,892,20378,4491,24810,2,0,0,648
valorspirits.com,root_domain,2,96,82,82,80,16,96,0,0,0,0
wednesdaycake.com,root_domain,4,172,92,98,134,38,169,3,0,0,0
n-sakura777.com,root_domain,4,16113,244,189,15209,914,15986,312,23,0,896
fftitan.com,root_domain,4,5360,388,305,5038,318,5332,25,0,3,3668
goodmenmovingcompany.com,root_domain,3,37863,154,122,37812,48,37504,521,0,0,0
drivenwm.com,root_domain,5,323,113,128,137,186,303,19,0,1,0
linknewjersey.com,root_domain,2,105,89,96,85,20,105,0,0,0,0
josiesky.com,root_domain,4,512,192,208,158,354,504,7,0,0,0
spoonfedla.com,root_domain,4,204,96,108,104,100,201,3,0,0,0
ideldev.com,root_domain,4,11240,1085,1304,8393,2855,11197,68,1,1,9
firdaos.com,root_domain,4,883,229,240,322,577,877,6,0,0,0
cloudchambermystery.com,root_domain,5,322,167,176,294,28,319,3,0,0,0
airbusaerial.com,root_domain,5,432,173,237,377,55,390,28,0,0,0
controlog.net,root_domain,2,294,94,90,209,85,294,0,0,0,0
malikalal3ab.com,root_domain,3,44473,92,91,44458,22,44621,2,0,0,0
mywardrobemistakes.com,root_domain,2,316,94,111,213,105,266,53,0,0,0
xenderforpcis.com,root_domain,2,1721,248,213,613,1105,1435,286,0,0,0
printcalendartemplates.com,root_domain,5,1863,332,306,1583,277,1758,103,0,0,0
ecuadorb2b.com,root_domain,2,101,83,82,80,21,99,2,0,0,0
alenamenko.com,root_domain,6,3141,954,694,2657,493,2563,571,0,9,0
hypeamerica.com,root_domain,2,256,108,90,107,149,227,29,0,0,0
bitbookz.com,root_domain,7,126,96,103,90,36,117,8,0,1,12
swedishdesigngoes.com,root_domain,5,308,119,131,276,33,308,0,0,0,0
nanowalletcompany.com,root_domain,3,434,136,152,135,299,433,1,0,0,0
drewfriedmanart.com,root_domain,4,661,140,134,360,301,654,8,0,0,0
reclaimedbyyou.com,root_domain,3,359,89,112,94,265,358,1,0,0,0
villanyautok.com,root_domain,2,681,109,123,396,285,661,18,0,0,0
