timestamp,domain,indexed
2025-05-09 10:01:31,carbonweb.org,1
2025-05-09 10:01:31,crossmyt.com,1
2025-05-09 12:47:50,nano4me.org,1
2025-05-09 12:47:50,clouddome.com,0
2025-05-09 12:47:50,strange-trips.com,1
2025-05-09 12:47:50,godblessrareform.com,1
2025-05-09 12:47:50,helpseeker.co,0
2025-05-09 12:47:50,studentcalculator.org,0
2025-05-09 12:47:50,epicpartnerships.org,1
2025-05-09 12:47:50,residential-homes.net,1
2025-05-09 12:47:50,tuckerobserver.com,1
2025-05-09 12:47:50,nal-media.com,0
2025-05-09 12:47:50,adminhacks.com,1
2025-05-09 12:47:50,newsreek.com,1
2025-05-09 12:47:50,shortinfosec.net,1
2025-05-09 12:47:50,whatsintheweb.com,0
2025-05-09 12:47:50,socialbusinessdesign.org,1
2025-05-09 12:47:50,fully-verified.com,1
2025-05-09 12:47:50,office-archive.com,1
2025-05-09 12:47:50,frameworkcycles.com,1
2025-05-09 12:47:50,fatefortune.org,1
2025-05-09 12:47:50,bitcloudproject.org,0
2025-05-09 12:47:50,actonadream.org,1
2025-05-09 12:47:50,madconomist.com,1
2025-05-09 12:47:50,puresynergistics.com,0
2025-05-09 12:47:50,futuregosummit.com,1
2025-05-09 12:47:50,justelsa.com,1
2025-05-09 12:47:50,intersectfund.org,0
2025-05-09 12:47:50,guru-office.com,1
2025-05-09 12:47:50,thedayafter-sy.org,1
2025-05-09 12:47:50,imocan.com,1
2025-05-09 12:47:50,frameworkcycles.com,1
2025-05-14 14:36:21,absolutelyneedlepoint.com,1
2025-05-14 14:36:21,community-of-joy.org,1
2025-05-14 14:36:21,diaryofanobody.net,1
2025-05-14 14:36:21,eaze.net,1
2025-05-14 14:36:21,exploringelasticsearch.com,1
2025-05-14 14:36:21,futurepard.com,1
2025-05-14 14:36:21,health-get.com,1
2025-05-14 14:36:21,home-network-help.com,0
2025-05-14 14:36:21,infrastructure-intelligence.com,1
2025-05-14 14:36:21,letmedia.org,1
2025-05-14 14:36:21,loyalogy.com,1
2025-05-14 14:36:21,madnessmusepress.com,1
2025-05-14 14:36:21,mikescourtside.com,1
2025-05-14 14:36:21,momentity.com,0
2025-05-14 14:36:21,nationalhelm.net,1
2025-05-14 14:36:21,npgl.com,1
2025-05-14 14:36:21,oncehumanofficial.com,0
2025-05-14 14:36:21,outdoorskilled.com,0
2025-05-14 14:36:21,prnewsleader.com,1
2025-05-14 14:36:21,quintehumanesociety.com,1
2025-05-14 14:36:21,radasm.com,1
2025-05-14 14:36:21,rtouring.com,0
2025-05-14 14:36:21,sandboxsuites.com,0
2025-05-14 14:36:21,saveyourknees.org,1
2025-05-14 14:36:21,speederxp.com,1
2025-05-14 14:36:21,squareorganics.com,1
2025-05-14 14:36:21,thinkdifferentstore.com,0
2025-05-14 14:36:21,tradicionalscouts.org,1
2025-05-14 14:36:21,wackypracticals.com,0
2025-05-14 14:36:21,wildclubdesign.com,1
2025-05-14 14:36:21,windtrips.com,1
2025-05-14 14:36:21,wordspics.com,1
2025-05-14 14:36:21,workingminds.org,1
2025-05-14 14:36:21,writinghornets.com,1
2025-05-14 14:36:21,zenjournalist.com,1
2025-05-16 14:42:27,60secondrecap.com,1
2025-05-16 14:42:27,affirmativhealth.com,1
2025-05-16 14:42:27,b-band.com,1
2025-05-16 14:42:27,bbvaventures.com,0
2025-05-16 14:42:27,c4learn.com,1
2025-05-16 14:42:27,catch-fitness.com,0
2025-05-16 14:42:27,gamedayr.net,1
2025-05-16 14:42:27,houseforgoodies.com,0
2025-05-16 14:42:27,mentalstack.com,0
2025-05-16 14:42:27,onenationcoffee.com,1
2025-05-16 14:42:27,originreel.com,1
2025-05-16 14:42:27,projectlore.com,0
2025-05-16 14:42:27,ripmixmake.org,1
2025-05-16 14:42:27,short-facts.com,1
2025-05-16 14:42:27,sugerdefenderr.com,1
2025-05-16 14:42:27,sweetstackshack.com,0
2025-05-16 14:42:27,the-tribulation-network.com,0
2025-05-16 14:42:27,theseomarketingcompany.com,1
2025-05-16 14:42:27,thinkrelay.com,1
2025-05-16 14:42:27,urdogs.com,0
2025-05-16 14:42:27,wideeyesopenpalms.com,1
2025-05-20 19:34:09,737simguy.com,1
2025-05-20 19:34:09,7x24central.com,1
2025-05-20 19:34:09,adsensitive.com,1
2025-05-20 19:34:09,advicom.net,1
2025-05-20 19:34:09,becausewecarecleaning.com,0
2025-05-20 19:34:09,beyondverbal.com,1
2025-05-20 19:34:09,biknd.com,0
2025-05-20 19:34:09,bogotastic.com,1
2025-05-20 19:34:09,creativityhelps.com,1
2025-05-20 19:34:09,criticalcarehorizons.com,0
2025-05-20 19:34:09,cycleharmony.com,1
2025-05-20 19:34:09,do-my-assignment-for-me.com,1
2025-05-20 19:34:09,fclo.com,1
2025-05-20 19:34:09,fhrnews.com,1
2025-05-20 19:34:09,flagdayconsulting.com,1
2025-05-20 19:34:09,fountainofhygiene.com,0
2025-05-20 19:34:09,hoottheredeemer.com,0
2025-05-20 19:34:09,investortelegraph.com,0
2025-05-20 19:34:09,lvdive.com,1
2025-05-20 19:34:09,mode-sty.com,1
2025-05-20 19:34:09,pledgingforchange.com,0
2025-05-20 19:34:09,recycle-bowl.org,0
2025-05-20 19:34:09,tc-lib.org,1
2025-05-20 19:34:09,technedo.com,1
2025-05-20 19:34:09,theapprovedcard.com,1
2025-05-20 19:34:09,the-european-times.com,1
2025-05-20 19:34:09,theexascalereport.com,0
2025-05-20 19:34:09,youraitool.com,1
2025-05-21 22:04:46,50yearplan.com,0
2025-05-21 22:04:46,babajob.com,1
2025-05-21 22:04:46,backthecomeback.com,1
2025-05-21 22:04:46,blessingsonstate.com,1
2025-05-21 22:04:46,clivehistoricalsociety.org,1
2025-05-21 22:04:46,gimbowl.com,1
2025-05-21 22:04:46,jobakerwriter.com,0
2025-05-21 22:04:46,letscraftinstead.com,1
2025-05-21 22:04:46,neurocorecenters.com,0
2025-05-21 22:04:46,personaproblems.com,1
2025-05-21 22:04:46,php-calendar.com,1
2025-05-21 22:04:46,studio-booth.com,1
2025-05-21 22:04:46,thisculturalmoment.com,0
2025-05-21 22:04:46,unravelingflexbox.com,1
2025-05-21 22:04:46,whenyouawake.com,1
2025-05-21 22:04:46,writecustomessays.com,1
2025-05-21 22:04:46,youngiprofessionals.com,0
2025-05-22 21:58:30,advanced-restoration.com,1
2025-05-22 21:58:30,becomearep.net,1
2025-05-22 21:58:30,constructor-digital.com,1
2025-05-22 21:58:30,educaching.com,1
2025-05-22 21:58:30,freemasonnetwork.org,1
2025-05-22 21:58:30,global-mob.com,1
2025-05-22 21:58:30,henrynormal.com,0
2025-05-22 21:58:30,ideasworthteachingawards.com,1
2025-05-22 21:58:30,m2mspectrum.com,0
2025-05-22 21:58:30,nativeecosystems.org,1
2025-05-22 21:58:30,naturalfelt.com,0
2025-05-22 21:58:30,ortfo.org,1
2025-05-22 21:58:30,rvcc.biz,1
2025-05-22 21:58:30,techybusinesses.com,1
2025-05-22 21:58:30,thegleanery.com,0
2025-05-22 21:58:30,thenubbyadmin.com,1
2025-05-22 21:58:30,theprecisechoice.com,1
2025-05-22 21:58:30,yplusnetwork.org,1
2025-05-30 21:21:13,123ecommerce.com,1
2025-05-30 21:21:13,etowndegrees.com,1
2025-05-30 21:21:13,fabxc.org,1
2025-05-30 21:21:13,getraddle.com,1
2025-05-30 21:21:13,limitengineering.com,1
2025-05-30 21:21:13,ouraynet.com123ecommerce.com,0
2025-05-30 21:21:13,etowndegrees.com,1
2025-05-30 21:21:13,fabxc.org,1
2025-05-30 21:21:13,getraddle.com,1
2025-05-30 21:21:13,limitengineering.com,1
2025-05-30 21:21:13,ouraynet.com,0
2025-05-30 21:23:23,123ecommerce.com,1
2025-05-30 21:23:23,etowndegrees.com,1
2025-05-30 21:23:23,fabxc.org,1
2025-05-30 21:23:23,getraddle.com,1
2025-05-30 21:23:23,limitengineering.com,1
2025-05-30 21:23:23,ouraynet.com123ecommerce.com,0
2025-05-30 21:23:23,etowndegrees.com,1
2025-05-30 21:23:23,fabxc.org,1
2025-05-30 21:23:23,getraddle.com,1
2025-05-30 21:23:23,limitengineering.com,1
2025-05-30 21:23:23,ouraynet.com,0
2025-05-30 21:23:40,etowndegrees.com,1
2025-05-30 21:23:40,getraddle.com,1
2025-05-30 21:23:40,limitengineering.com,1
2025-05-30 21:23:40,ouraynet.com,0
2025-05-30 21:23:40,123ecommerce.com,1
2025-05-30 21:23:40,fabxc.org,1
