Domain Name,Status,SZ Score,Spam message,Active History,Domain Age,Parked Pages,Redirects,Languages,Titles,Links,Archive,3xx Responses,2xx Responses,Min Words,Max Words,Min Hrefs,Max Hrefs,Ahrefs Domain Rating,Ahrefs URL Rating,Ahrefs Backlinks,Ahrefs Ref Domains,Ahrefs Ref Pages,Ahrefs Ref IPs, Ahrefs Ref Class C,Ahrefs Nofollow,Ahrefs Dofollow,Ahrefs Text,Ahrefs Image,Ahrefs Links External,Ahrefs .gov,Ahrefs .edu,Majestic Trust Flow,Majestic Citation Flow,Majestic External Backlinks,Majestic Ref Domains,Majestic Indexed URLs,Majestic Ref IPs,Majestic Ref Subnets,Majestic .gov,Majestic .edu,Majestic Redirect,Majestic Anchor Language,Majestic Topic 1,Majestic Topic 2,Majestic Topic 3,Lang History

zerozerosf.com,clear,4,Clean,15,15,0,70,en,Zero Zero SF Restaurant,http://www.zerozerosf.com/,http://web.archive.org/web/20100724012759if_/http://zerozerosf.com:80/,70,424,2,772,50,58,37,14,2746,452,2217,414,329,329,2415,2744,45,419,0,1,21,23,769,223,23,194,173,0,0,No,English Japanese Chinese Italian Portuguese Russian Spanish/Castilian,Recreation/Travel,Computers/Internet/Searching,Home/Cooking,2010: 
,,,,,,,,,Zero Zero,website,http://web.archive.org/web/20110207192631if_/http://zerozerosf.com/,,,,,,,,,,,,,,,,,,,,,,,,,,,,,,,,,,,2011: 
,,,,,,,,,Zero Zero SF | Zero Zero,zerozerosf.com,http://web.archive.org/web/20110621034641if_/http://zerozerosf.com:80/,,,,,,,,,,,,,,,,,,,,,,,,,,,,,,,,,,,2012: 
,,,,,,,,,Zero Zero SF - Zero Zero,http://www.zerozerosf.com,http://web.archive.org/web/20111102200137if_/http://www.zerozerosf.com:80/,,,,,,,,,,,,,,,,,,,,,,,,,,,,,,,,,,,2013: 
,,,,,,,,,Zero Zero | Calipolitan,http://zerozerosf.com,http://web.archive.org/web/20120309020703if_/http://www.zerozerosf.com:80/,,,,,,,,,,,,,,,,,,,,,,,,,,,,,,,,,,,2014: 
,,,,,,,,,,www.zerozerosf.com,http://web.archive.org/web/20120723075014if_/http://zerozerosf.com:80/,,,,,,,,,,,,,,,,,,,,,,,,,,,,,,,,,,,2015: 
,,,,,,,,,,visit website,http://web.archive.org/web/20121203072953if_/http://zerozerosf.com:80/,,,,,,,,,,,,,,,,,,,,,,,,,,,,,,,,,,,2016: English
,,,,,,,,,,zerozerosf,http://web.archive.org/web/20130404042454if_/http://www.zerozerosf.com:80/,,,,,,,,,,,,,,,,,,,,,,,,,,,,,,,,,,,2018: English
,,,,,,,,,,zero zero,http://web.archive.org/web/20130811224711if_/http://www.zerozerosf.com:80/,,,,,,,,,,,,,,,,,,,,,,,,,,,,,,,,,,,2019: English
,,,,,,,,,,,http://web.archive.org/web/20140421074948if_/http://www.zerozerosf.com:80/,,,,,,,,,,,,,,,,,,,,,,,,,,,,,,,,,,,2020: English
,,,,,,,,,,,http://web.archive.org/web/20140822181600if_/http://www.zerozerosf.com:80/,,,,,,,,,,,,,,,,,,,,,,,,,,,,,,,,,,,2021: English
,,,,,,,,,,,http://web.archive.org/web/20141227171148if_/http://www.zerozerosf.com:80/,,,,,,,,,,,,,,,,,,,,,,,,,,,,,,,,,,,2022: English
,,,,,,,,,,,http://web.archive.org/web/20150428005933if_/http://zerozerosf.com:80/,,,,,,,,,,,,,,,,,,,,,,,,,,,,,,,,,,,2023: English
,,,,,,,,,,,http://web.archive.org/web/20150904024711if_/http://www.zerozerosf.com:80/,,,,,,,,,,,,,,,,,,,,,,,,,,,,,,,,,,,
,,,,,,,,,,,http://web.archive.org/web/20160111110335if_/http://zerozerosf.com/,,,,,,,,,,,,,,,,,,,,,,,,,,,,,,,,,,,
,,,,,,,,,,,http://web.archive.org/web/20160513234928if_/http://zerozerosf.com:80/,,,,,,,,,,,,,,,,,,,,,,,,,,,,,,,,,,,
,,,,,,,,,,,http://web.archive.org/web/20160915110018if_/http://www.zerozerosf.com:80/,,,,,,,,,,,,,,,,,,,,,,,,,,,,,,,,,,,
,,,,,,,,,,,http://web.archive.org/web/20180331222510if_/http://www.zerozerosf.com/,,,,,,,,,,,,,,,,,,,,,,,,,,,,,,,,,,,
,,,,,,,,,,,http://web.archive.org/web/20180820075822if_/https://www.zerozerosf.com/,,,,,,,,,,,,,,,,,,,,,,,,,,,,,,,,,,,
,,,,,,,,,,,http://web.archive.org/web/20190511044527if_/https://www.zerozerosf.com/,,,,,,,,,,,,,,,,,,,,,,,,,,,,,,,,,,,
,,,,,,,,,,,http://web.archive.org/web/20201019032059if_/https://www.zerozerosf.com/,,,,,,,,,,,,,,,,,,,,,,,,,,,,,,,,,,,
,,,,,,,,,,,http://web.archive.org/web/20210227085408if_/https://www.zerozerosf.com/,,,,,,,,,,,,,,,,,,,,,,,,,,,,,,,,,,,
,,,,,,,,,,,http://web.archive.org/web/20220201133542if_/https://www.zerozerosf.com/,,,,,,,,,,,,,,,,,,,,,,,,,,,,,,,,,,,
,,,,,,,,,,,http://web.archive.org/web/20220926030810if_/https://www.zerozerosf.com/,,,,,,,,,,,,,,,,,,,,,,,,,,,,,,,,,,,
,,,,,,,,,,,http://web.archive.org/web/20230330123112if_/https://www.zerozerosf.com/,,,,,,,,,,,,,,,,,,,,,,,,,,,,,,,,,,,
,,,,,,,,,,,,,,,,,,,,,,,,,,,,,,,,,,,,,,,,,,,,,,
safetyperformance.com,clear,4,Clean,24,24,0,1,en,The Source for Behavior-Based Safety: Welcome to Safety Performance Solutions,safety performance solutions inc.,http://web.archive.org/web/19990508125532if_/http://www.safetyperformance.com:80/,1,242,102,443,50,50,20,2,1703,246,1065,185,161,558,1139,1697,22,3,1,4,30,19,579,96,77,92,82,1,0,No,English Thai Spanish/Castilian Czech,Business/Human Resources,,,1999: English
,,,,,,,,,New Page 1,the value of humor - safety performance,http://web.archive.org/web/20000229140735if_/http://www.safetyperformance.com:80/,,,,,,,,,,,,,,,,,,,,,,,,,,,,,,,,,,,2000: English
,,,,,,,,,The Source for behavior-based safety training and consulting,improving safety communication with behavior-based safety,http://web.archive.org/web/20001021230540if_/http://www.safetyperformance.com:80/,,,,,,,,,,,,,,,,,,,,,,,,,,,,,,,,,,,2001: English
,,,,,,,,,Safety Performance Solutions,safetyperformance,http://web.archive.org/web/20010721221512if_/http://safetyperformance.com:80/,,,,,,,,,,,,,,,,,,,,,,,,,,,,,,,,,,,2002: English
,,,,,,,,,Behavior Based Safety Safety Culture Behavioral Safety and Safety Perception - Safety Performance Solutions,www.safetyperformance.com,http://web.archive.org/web/20020402075025if_/http://www.safetyperformance.com:80/,,,,,,,,,,,,,,,,,,,,,,,,,,,,,,,,,,,2003: English
,,,,,,,,,Safety Culture Survey/Assessment Behavioral Safety and Other Services to Improve Safety Culture and Prevent Injuries - Safety Performance Solutions,safety performance solutions,http://web.archive.org/web/20021102055035if_/http://www.safetyperformance.com:80/,,,,,,,,,,,,,,,,,,,,,,,,,,,,,,,,,,,2004: English
,,,,,,,,,,increasing employee support for safety,http://web.archive.org/web/20030527182006if_/http://www.safetyperformance.com:80/,,,,,,,,,,,,,,,,,,,,,,,,,,,,,,,,,,,2005: English
,,,,,,,,,,the value of humor.pdf - safety performance,http://web.archive.org/web/20031201025236if_/http://safetyperformance.com:80/,,,,,,,,,,,,,,,,,,,,,,,,,,,,,,,,,,,2006: English
,,,,,,,,,,safetyperformance.com,http://web.archive.org/web/20040602051559if_/http://safetyperformance.com:80/,,,,,,,,,,,,,,,,,,,,,,,,,,,,,,,,,,,2007: English
,,,,,,,,,,http://www.safetyperformance.com,http://web.archive.org/web/20041214105912if_/http://safetyperformance.com:80/,,,,,,,,,,,,,,,,,,,,,,,,,,,,,,,,,,,2008: English
,,,,,,,,,,,http://web.archive.org/web/20051219164913if_/http://www.safetyperformance.com:80/,,,,,,,,,,,,,,,,,,,,,,,,,,,,,,,,,,,2009: English
,,,,,,,,,,,http://web.archive.org/web/20060705200405if_/http://www.safetyperformance.com:80/,,,,,,,,,,,,,,,,,,,,,,,,,,,,,,,,,,,2010: English
,,,,,,,,,,,http://web.archive.org/web/20070208200456if_/http://www.safetyperformance.com:80/,,,,,,,,,,,,,,,,,,,,,,,,,,,,,,,,,,,2011: English
,,,,,,,,,,,http://web.archive.org/web/20070811180317if_/http://www.safetyperformance.com:80/,,,,,,,,,,,,,,,,,,,,,,,,,,,,,,,,,,,2012: English
,,,,,,,,,,,http://web.archive.org/web/20080215234334if_/http://www.safetyperformance.com:80/,,,,,,,,,,,,,,,,,,,,,,,,,,,,,,,,,,,2013: English
,,,,,,,,,,,http://web.archive.org/web/20080916000736if_/http://www.safetyperformance.com:80/,,,,,,,,,,,,,,,,,,,,,,,,,,,,,,,,,,,2014: English
,,,,,,,,,,,http://web.archive.org/web/20090323042816if_/http://safetyperformance.com:80/,,,,,,,,,,,,,,,,,,,,,,,,,,,,,,,,,,,2015: English
,,,,,,,,,,,http://web.archive.org/web/20100612062335if_/http://www.safetyperformance.com:80/,,,,,,,,,,,,,,,,,,,,,,,,,,,,,,,,,,,2016: English
,,,,,,,,,,,http://web.archive.org/web/20101230070928if_/http://www.safetyperformance.com:80/,,,,,,,,,,,,,,,,,,,,,,,,,,,,,,,,,,,2017: English
,,,,,,,,,,,http://web.archive.org/web/20110823091035if_/http://www.safetyperformance.com:80/,,,,,,,,,,,,,,,,,,,,,,,,,,,,,,,,,,,2018: English
,,,,,,,,,,,http://web.archive.org/web/20120328064055if_/http://www.safetyperformance.com:80/,,,,,,,,,,,,,,,,,,,,,,,,,,,,,,,,,,,2019: English
,,,,,,,,,,,http://web.archive.org/web/20130127074925if_/http://www.safetyperformance.com:80/,,,,,,,,,,,,,,,,,,,,,,,,,,,,,,,,,,,2021: English
,,,,,,,,,,,http://web.archive.org/web/20130624101016if_/http://safetyperformance.com/,,,,,,,,,,,,,,,,,,,,,,,,,,,,,,,,,,,2022: English
,,,,,,,,,,,http://web.archive.org/web/20131028161201if_/http://www.safetyperformance.com/,,,,,,,,,,,,,,,,,,,,,,,,,,,,,,,,,,,
,,,,,,,,,,,http://web.archive.org/web/20141015045554if_/http://www.safetyperformance.com:80/,,,,,,,,,,,,,,,,,,,,,,,,,,,,,,,,,,,
,,,,,,,,,,,http://web.archive.org/web/20150220004628if_/http://www.safetyperformance.com:80/,,,,,,,,,,,,,,,,,,,,,,,,,,,,,,,,,,,
,,,,,,,,,,,http://web.archive.org/web/20150717092105if_/http://www.safetyperformance.com:80/,,,,,,,,,,,,,,,,,,,,,,,,,,,,,,,,,,,
,,,,,,,,,,,http://web.archive.org/web/20151208124323if_/http://safetyperformance.com:80/,,,,,,,,,,,,,,,,,,,,,,,,,,,,,,,,,,,
,,,,,,,,,,,http://web.archive.org/web/20160526172703if_/http://www.safetyperformance.com:80/,,,,,,,,,,,,,,,,,,,,,,,,,,,,,,,,,,,
,,,,,,,,,,,http://web.archive.org/web/20161003103556if_/http://safetyperformance.com:80/,,,,,,,,,,,,,,,,,,,,,,,,,,,,,,,,,,,
,,,,,,,,,,,http://web.archive.org/web/20170313202135if_/http://www.safetyperformance.com/,,,,,,,,,,,,,,,,,,,,,,,,,,,,,,,,,,,
,,,,,,,,,,,http://web.archive.org/web/20170729231430if_/http://www.safetyperformance.com:80/,,,,,,,,,,,,,,,,,,,,,,,,,,,,,,,,,,,
,,,,,,,,,,,http://web.archive.org/web/20171220124811if_/http://safetyperformance.com:80/,,,,,,,,,,,,,,,,,,,,,,,,,,,,,,,,,,,
,,,,,,,,,,,http://web.archive.org/web/20180501102008if_/http://safetyperformance.com:80/,,,,,,,,,,,,,,,,,,,,,,,,,,,,,,,,,,,
,,,,,,,,,,,http://web.archive.org/web/20190217151523if_/http://www.safetyperformance.com:80/,,,,,,,,,,,,,,,,,,,,,,,,,,,,,,,,,,,
,,,,,,,,,,,http://web.archive.org/web/20190619110111if_/http://www.safetyperformance.com:80/,,,,,,,,,,,,,,,,,,,,,,,,,,,,,,,,,,,
,,,,,,,,,,,http://web.archive.org/web/20191028013807if_/http://www.safetyperformance.com:80/,,,,,,,,,,,,,,,,,,,,,,,,,,,,,,,,,,,
,,,,,,,,,,,http://web.archive.org/web/20210126012355if_/http://safetyperformance.com/,,,,,,,,,,,,,,,,,,,,,,,,,,,,,,,,,,,
,,,,,,,,,,,http://web.archive.org/web/20210620025159if_/http://safetyperformance.com/,,,,,,,,,,,,,,,,,,,,,,,,,,,,,,,,,,,
,,,,,,,,,,,http://web.archive.org/web/20211026074922if_/http://safetyperformance.com/,,,,,,,,,,,,,,,,,,,,,,,,,,,,,,,,,,,
,,,,,,,,,,,http://web.archive.org/web/20220303135207if_/http://www.safetyperformance.com/,,,,,,,,,,,,,,,,,,,,,,,,,,,,,,,,,,,
,,,,,,,,,,,http://web.archive.org/web/20220814144648if_/http://safetyperformance.com/,,,,,,,,,,,,,,,,,,,,,,,,,,,,,,,,,,,
,,,,,,,,,,,,,,,,,,,,,,,,,,,,,,,,,,,,,,,,,,,,,,
clearsoundinc.com,clear,5,Clean,24,24,0,27,en,Clear Sound Inc. live sound reinforcement pro audio PA sales and rentals,clearsoundinc.com,http://web.archive.org/web/20010227041510if_/http://www.clearsoundinc.com:80/,27,209,136,717,50,92,10,1,617,213,333,172,161,226,384,616,76,646,0,3,30,22,145,98,719,91,84,0,2,No,English,Regional/North America,,,2001: English
,,,,,,,,,Clear Sound,website,http://web.archive.org/web/20010928021920if_/http://clearsoundinc.com:80/,,,,,,,,,,,,,,,,,,,,,,,,,,,,,,,,,,,2002: English
,,,,,,,,,Clear Sound Inc. | Electrifying events Intelligent Installations,clear sound,http://web.archive.org/web/20020329134958if_/http://clearsoundinc.com:80/,,,,,,,,,,,,,,,,,,,,,,,,,,,,,,,,,,,2003: English
,,,,,,,,,Clear Sound Inc. | Delaware Valley's best full-service audio video and lighting company.,http://www.clearsoundinc.com,http://web.archive.org/web/20021122222101if_/http://www.clearsoundinc.com:80/,,,,,,,,,,,,,,,,,,,,,,,,,,,,,,,,,,,2004: English
,,,,,,,,,Home - Clear Sound,www.clearsoundinc.com,http://web.archive.org/web/20030527051909if_/http://www.clearsoundinc.com:80/,,,,,,,,,,,,,,,,,,,,,,,,,,,,,,,,,,,2005: English
,,,,,,,,,Audio Visual Services Philadelphia PA - Clear Sound,bryn mawr college av upgrades - clear sound,http://web.archive.org/web/20031127122108if_/http://www.clearsoundinc.com:80/,,,,,,,,,,,,,,,,,,,,,,,,,,,,,,,,,,,2006: English
,,,,,,,,,,clearsoundinc,http://web.archive.org/web/20040728073330if_/http://www.clearsoundinc.com:80/,,,,,,,,,,,,,,,,,,,,,,,,,,,,,,,,,,,2007: English
,,,,,,,,,,visit website,http://web.archive.org/web/20050207125128if_/http://www.clearsoundinc.com:80/,,,,,,,,,,,,,,,,,,,,,,,,,,,,,,,,,,,2008: English
,,,,,,,,,,http://www.clearsoundinc.com/,http://web.archive.org/web/20050818093054if_/http://www.clearsoundinc.com:80/,,,,,,,,,,,,,,,,,,,,,,,,,,,,,,,,,,,2010: English
,,,,,,,,,,,http://web.archive.org/web/20060708093835if_/http://www.clearsoundinc.com:80/,,,,,,,,,,,,,,,,,,,,,,,,,,,,,,,,,,,2011: English
,,,,,,,,,,,http://web.archive.org/web/20070203130951if_/http://www.clearsoundinc.com:80/,,,,,,,,,,,,,,,,,,,,,,,,,,,,,,,,,,,2012: English
,,,,,,,,,,,http://web.archive.org/web/20070812182003if_/http://www.clearsoundinc.com/,,,,,,,,,,,,,,,,,,,,,,,,,,,,,,,,,,,2013: English
,,,,,,,,,,,http://web.archive.org/web/20080224164539if_/http://www.clearsoundinc.com:80/,,,,,,,,,,,,,,,,,,,,,,,,,,,,,,,,,,,2014: English
,,,,,,,,,,,http://web.archive.org/web/20081231031548if_/http://www.clearsoundinc.com:80/,,,,,,,,,,,,,,,,,,,,,,,,,,,,,,,,,,,2015: English
,,,,,,,,,,,http://web.archive.org/web/20100306172146if_/http://www.clearsoundinc.com:80/,,,,,,,,,,,,,,,,,,,,,,,,,,,,,,,,,,,2016: English
,,,,,,,,,,,http://web.archive.org/web/20110615203627if_/http://www.clearsoundinc.com:80/,,,,,,,,,,,,,,,,,,,,,,,,,,,,,,,,,,,2017: English
,,,,,,,,,,,http://web.archive.org/web/20111017014528if_/http://www.clearsoundinc.com/,,,,,,,,,,,,,,,,,,,,,,,,,,,,,,,,,,,2018: English
,,,,,,,,,,,http://web.archive.org/web/20120222160844if_/http://www.clearsoundinc.com:80/,,,,,,,,,,,,,,,,,,,,,,,,,,,,,,,,,,,2019: English
,,,,,,,,,,,http://web.archive.org/web/20120709080935if_/http://www.clearsoundinc.com:80/,,,,,,,,,,,,,,,,,,,,,,,,,,,,,,,,,,,2020: English
,,,,,,,,,,,http://web.archive.org/web/20130601014547if_/http://clearsoundinc.com/,,,,,,,,,,,,,,,,,,,,,,,,,,,,,,,,,,,2021: English
,,,,,,,,,,,http://web.archive.org/web/20131029192332if_/http://www.clearsoundinc.com/,,,,,,,,,,,,,,,,,,,,,,,,,,,,,,,,,,,2022: English
,,,,,,,,,,,http://web.archive.org/web/20140422132738if_/http://www.clearsoundinc.com/,,,,,,,,,,,,,,,,,,,,,,,,,,,,,,,,,,,2023: English
,,,,,,,,,,,http://web.archive.org/web/20141217005213if_/http://clearsoundinc.com/,,,,,,,,,,,,,,,,,,,,,,,,,,,,,,,,,,,2024: English
,,,,,,,,,,,http://web.archive.org/web/20150428104808if_/http://www.clearsoundinc.com:80/,,,,,,,,,,,,,,,,,,,,,,,,,,,,,,,,,,,
,,,,,,,,,,,http://web.archive.org/web/20150831233948if_/http://www.clearsoundinc.com:80/,,,,,,,,,,,,,,,,,,,,,,,,,,,,,,,,,,,
,,,,,,,,,,,http://web.archive.org/web/20160219045342if_/http://www.clearsoundinc.com/,,,,,,,,,,,,,,,,,,,,,,,,,,,,,,,,,,,
,,,,,,,,,,,http://web.archive.org/web/20160729073052if_/http://www.clearsoundinc.com:80/,,,,,,,,,,,,,,,,,,,,,,,,,,,,,,,,,,,
,,,,,,,,,,,http://web.archive.org/web/20170708193204if_/http://www.clearsoundinc.com/,,,,,,,,,,,,,,,,,,,,,,,,,,,,,,,,,,,
,,,,,,,,,,,http://web.archive.org/web/20180419125657if_/https://www.clearsoundinc.com/,,,,,,,,,,,,,,,,,,,,,,,,,,,,,,,,,,,
,,,,,,,,,,,http://web.archive.org/web/20190111155543if_/https://www.clearsoundinc.com/,,,,,,,,,,,,,,,,,,,,,,,,,,,,,,,,,,,
,,,,,,,,,,,http://web.archive.org/web/20200502020116if_/https://www.clearsoundinc.com/,,,,,,,,,,,,,,,,,,,,,,,,,,,,,,,,,,,
,,,,,,,,,,,http://web.archive.org/web/20200922220147if_/https://www.clearsoundinc.com/,,,,,,,,,,,,,,,,,,,,,,,,,,,,,,,,,,,
,,,,,,,,,,,http://web.archive.org/web/20210513194842if_/https://www.clearsoundinc.com/,,,,,,,,,,,,,,,,,,,,,,,,,,,,,,,,,,,
,,,,,,,,,,,http://web.archive.org/web/20210922063549if_/https://www.clearsoundinc.com/,,,,,,,,,,,,,,,,,,,,,,,,,,,,,,,,,,,
,,,,,,,,,,,http://web.archive.org/web/20220715033501if_/https://www.clearsoundinc.com/,,,,,,,,,,,,,,,,,,,,,,,,,,,,,,,,,,,
,,,,,,,,,,,http://web.archive.org/web/20230123191227if_/https://www.clearsoundinc.com/,,,,,,,,,,,,,,,,,,,,,,,,,,,,,,,,,,,
,,,,,,,,,,,http://web.archive.org/web/20230925074224if_/https://www.clearsoundinc.com/,,,,,,,,,,,,,,,,,,,,,,,,,,,,,,,,,,,
,,,,,,,,,,,http://web.archive.org/web/20240226081933if_/https://www.clearsoundinc.com/,,,,,,,,,,,,,,,,,,,,,,,,,,,,,,,,,,,
,,,,,,,,,,,,,,,,,,,,,,,,,,,,,,,,,,,,,,,,,,,,,,
homegrownfest.com,spam,â€“,SNAPSHOT <http://web.archive.org/web/20141112152508if_/http://homegrownfest.com:80/> TEXT : Badword [ buy now] in (le! The full line up and time slots are out and available below! Â Tickets are only $20 in advance so buy now! Â  Full Line Up Announced including Sarah Jaffe!More Next Round of Bands Released.More Home),16,23,0,28,en,Homegrown Music Festival 2001,here,http://web.archive.org/web/20011005034751if_/http://homegrownfest.com:80/,28,160,0,1973,50,56,32,17,1470,216,1178,230,185,75,1142,1217,11,1185,0,4,30,19,149,45,11138,43,38,0,0,No,English Indonesian German,Arts,,,2001: English
,,,,,,,,id,Welcome to my Website!,homegrown festival,http://web.archive.org/web/20020722034818if_/http://homegrownfest.com:80/,,,,,,,,,,,,,,,,,,,,,,,,,,,,,,,,,,,2002: English
,,,,,,,,,www.homegrownfest.com,homegrownfest.com,http://web.archive.org/web/20100418193506if_/http://www.homegrownfest.com:80/,,,,,,,,,,,,,,,,,,,,,,,,,,,,,,,,,,,2010: English
,,,,,,,,,HOMEGROWN Music and Art Festival,anchor,http://web.archive.org/web/20101022033925if_/http://www.homegrownfest.com:80/,,,,,,,,,,,,,,,,,,,,,,,,,,,,,,,,,,,2011: English
,,,,,,,,,Homegrown Music and Art Festival,link,http://web.archive.org/web/20110429174245if_/http://homegrownfest.com:80/,,,,,,,,,,,,,,,,,,,,,,,,,,,,,,,,,,,2012: English
,,,,,,,,,HG6 | HomeGrown Music Fest 2015,homegrown fest,http://web.archive.org/web/20110903054946if_/http://homegrownfest.com:80/,,,,,,,,,,,,,,,,,,,,,,,,,,,,,,,,,,,2013: English
,,,,,,,,,,click here,http://web.archive.org/web/20120729055132if_/http://homegrownfest.com:80/,,,,,,,,,,,,,,,,,,,,,,,,,,,,,,,,,,,2014: English
,,,,,,,,,HG7 | HomeGrown Music Fest 2016,homegrown,http://web.archive.org/web/20121213084553if_/http://homegrownfest.com:80/,,,,,,,,,,,,,,,,,,,,,,,,,,,,,,,,,,,2015: English
,,,,,,,,,Homegrown music and arts festival,homegrown music and arts festival,http://web.archive.org/web/20130501215459if_/http://homegrownfest.com/,,,,,,,,,,,,,,,,,,,,,,,,,,,,,,,,,,,2016: English
,,,,,,,,,homegrown music and arts festival,,http://web.archive.org/web/20131002074506if_/http://homegrownfest.com:80/,,,,,,,,,,,,,,,,,,,,,,,,,,,,,,,,,,,2017: English
,,,,,,,,,homegrownfest.com | HINFO record,,http://web.archive.org/web/20140312135327if_/http://homegrownfest.com:80/,,,,,,,,,,,,,,,,,,,,,,,,,,,,,,,,,,,2018: 
,,,,,,,,,DELUNA4D - Daftar situs resmi slot deposit pulsa terpercaya mudah menang,,http://web.archive.org/web/20141112152508if_/http://homegrownfest.com:80/,,,,,,,,,,,,,,,,,,,,,,,,,,,,,,,,,,,2019: English
,,,,,,,,,,,http://web.archive.org/web/20150314062002if_/http://homegrownfest.com:80/,,,,,,,,,,,,,,,,,,,,,,,,,,,,,,,,,,,2023: English
,,,,,,,,,,,http://web.archive.org/web/20150728094745if_/http://homegrownfest.com:80/?,,,,,,,,,,,,,,,,,,,,,,,,,,,,,,,,,,,2024: Indonesian
,,,,,,,,,,,http://web.archive.org/web/20151205052034if_/http://homegrownfest.com:80/,,,,,,,,,,,,,,,,,,,,,,,,,,,,,,,,,,,
,,,,,,,,,,,http://web.archive.org/web/20160826043623if_/http://homegrownfest.com:80/?,,,,,,,,,,,,,,,,,,,,,,,,,,,,,,,,,,,
,,,,,,,,,,,http://web.archive.org/web/20171006092833if_/https://www.homegrownfest.com/,,,,,,,,,,,,,,,,,,,,,,,,,,,,,,,,,,,
,,,,,,,,,,,http://web.archive.org/web/20180226205532if_/https://www.homegrownfest.com/,,,,,,,,,,,,,,,,,,,,,,,,,,,,,,,,,,,
,,,,,,,,,,,http://web.archive.org/web/20180821134343if_/https://www.homegrownfest.com/,,,,,,,,,,,,,,,,,,,,,,,,,,,,,,,,,,,
,,,,,,,,,,,http://web.archive.org/web/20190218110814if_/https://www.homegrownfest.com/,,,,,,,,,,,,,,,,,,,,,,,,,,,,,,,,,,,
,,,,,,,,,,,http://web.archive.org/web/20191024044540if_/https://www.homegrownfest.com/,,,,,,,,,,,,,,,,,,,,,,,,,,,,,,,,,,,
,,,,,,,,,,,http://web.archive.org/web/20230803031252if_/https://homegrownfest.com/,,,,,,,,,,,,,,,,,,,,,,,,,,,,,,,,,,,
,,,,,,,,,,,http://web.archive.org/web/20231203173023if_/https://homegrownfest.com/,,,,,,,,,,,,,,,,,,,,,,,,,,,,,,,,,,,
,,,,,,,,,,,http://web.archive.org/web/20240528082725if_/https://www.homegrownfest.com/,,,,,,,,,,,,,,,,,,,,,,,,,,,,,,,,,,,
,,,,,,,,,,,http://web.archive.org/web/20241114115353if_/https://www.homegrownfest.com/,,,,,,,,,,,,,,,,,,,,,,,,,,,,,,,,,,,
,,,,,,,,,,,,,,,,,,,,,,,,,,,,,,,,,,,,,,,,,,,,,,
puresoluble.com,spam,â€“,SNAPSHOT <http://web.archive.org/web/20180203173832if_/https://puresoluble.com/> TEXT : Badword [ Buy Now] in (/ $0.00 No products in the cart. Cart No products in the cart. Cytoskeletal Proteins byÂ PurSolutions Buy Now Â  Copyright 2018 Â© PurSolutions 111 10th Ave S Suite 110 | Nashville TN 37203 AllActinBuf),8,8,0,33,en,Tubulin and Actin - Buy polymerization-competent cytoskeletal proteins | Pursolutions,puresoluble,http://web.archive.org/web/20180203173832if_/https://puresoluble.com/,33,106,250,1222,50,88,11,13,498,231,367,216,192,195,292,487,122,72,0,9,15,22,1229,390,117,147,106,0,1,No,English Chinese,Society/People,Computers/Internet/On the Web,Reference/Quotations,2018: 
,,,,,,,,,,alexa 594 tubulin | fluorescent tubulin protein from bovine,http://web.archive.org/web/20180903120339if_/https://puresoluble.com/,,,,,,,,,,,,,,,,,,,,,,,,,,,,,,,,,,,2020: 
,,,,,,,,,PurSolutions LLC,protocols for tubulin experiments,http://web.archive.org/web/20200220051538if_/https://puresoluble.com/,,,,,,,,,,,,,,,,,,,,,,,,,,,,,,,,,,,2021: 
,,,,,,,,,Wayback Machine,puresoluble.com,http://web.archive.org/web/20200709214942if_/https://puresoluble.com/,,,,,,,,,,,,,,,,,,,,,,,,,,,,,,,,,,,2022: English
,,,,,,,,,,fluorescent tubulin protein from bovine | alexa fluorÂ® 488 tubulin,http://web.archive.org/web/20201125113310if_/https://puresoluble.com/,,,,,,,,,,,,,,,,,,,,,,,,,,,,,,,,,,,2023: 
,,,,,,,,,,alexa 647 tubulin - fluorescent tubulin protein from bovine,http://web.archive.org/web/20210412132220if_/https://puresoluble.com/,,,,,,,,,,,,,,,,,,,,,,,,,,,,,,,,,,,2025: English
,,,,,,,,,,protocols for generating microtubules,http://web.archive.org/web/20220109035858if_/https://puresoluble.com/,,,,,,,,,,,,,,,,,,,,,,,,,,,,,,,,,,,
,,,,,,,,,,\digital downloads\,http://web.archive.org/web/20220509040038if_/https://puresoluble.com/,,,,,,,,,,,,,,,,,,,,,,,,,,,,,,,,,,,
,,,,,,,,,,high-resolution tubulin infographic,http://web.archive.org/web/20220915065157if_/https://puresoluble.com/,,,,,,,,,,,,,,,,,,,,,,,,,,,,,,,,,,,
,,,,,,,,,,,http://web.archive.org/web/20230327235059if_/https://puresoluble.com/,,,,,,,,,,,,,,,,,,,,,,,,,,,,,,,,,,,
,,,,,,,,,,,http://web.archive.org/web/20250222080454if_/https://puresoluble.com/,,,,,,,,,,,,,,,,,,,,,,,,,,,,,,,,,,,
,,,,,,,,,,,,,,,,,,,,,,,,,,,,,,,,,,,,,,,,,,,,,,
creatorspad.com,clear,12,Clean,8,8,0,34,en,Creators,here,http://web.archive.org/web/20170701124805if_/http://www.creatorspad.com:80/?,34,73,335,359,50,50,20,0,409,105,300,102,91,28,378,409,27,235,6,7,12,18,92,61,28,59,53,2,0,No,English Portuguese Polish Spanish/Castilian Macedonian,Society/Organizations,Society/Philanthropy,Society,2017: English
,,,,,,,,,CREATORS Innovation Lab,creators ideation lab,http://web.archive.org/web/20180118040514if_/http://www.creatorspad.com/,,,,,,,,,,,,,,,,,,,,,,,,,,,,,,,,,,,2018: English
,,,,,,,,,,https://www.creatorspad.com/pages/govtech-program,http://web.archive.org/web/20180606073714if_/http://www.creatorspad.com:80/,,,,,,,,,,,,,,,,,,,,,,,,,,,,,,,,,,,2019: English
,,,,,,,,,,aquÃ­,http://web.archive.org/web/20181006101037if_/https://www.creatorspad.com/,,,,,,,,,,,,,,,,,,,,,,,,,,,,,,,,,,,2020: English
,,,,,,,,,,creators,http://web.archive.org/web/20190527225327if_/https://www.creatorspad.com/,,,,,,,,,,,,,,,,,,,,,,,,,,,,,,,,,,,2021: English
,,,,,,,,,,www.creatorspad.com,http://web.archive.org/web/20200519133236if_/https://www.creatorspad.com/,,,,,,,,,,,,,,,,,,,,,,,,,,,,,,,,,,,2022: English
,,,,,,,,,,client,http://web.archive.org/web/20201119035835if_/https://www.creatorspad.com/,,,,,,,,,,,,,,,,,,,,,,,,,,,,,,,,,,,2023: English
,,,,,,,,,,creatorspad,http://web.archive.org/web/20210324085727if_/https://www.creatorspad.com/,,,,,,,,,,,,,,,,,,,,,,,,,,,,,,,,,,,2024: English
,,,,,,,,,,creatorspad.com,http://web.archive.org/web/20211018164613if_/https://www.creatorspad.com/,,,,,,,,,,,,,,,,,,,,,,,,,,,,,,,,,,,
,,,,,,,,,,,http://web.archive.org/web/20221103144228if_/https://www.creatorspad.com/,,,,,,,,,,,,,,,,,,,,,,,,,,,,,,,,,,,
,,,,,,,,,,,http://web.archive.org/web/20230307082720if_/https://www.creatorspad.com/,,,,,,,,,,,,,,,,,,,,,,,,,,,,,,,,,,,
,,,,,,,,,,,http://web.archive.org/web/20230724084407if_/https://www.creatorspad.com/,,,,,,,,,,,,,,,,,,,,,,,,,,,,,,,,,,,
,,,,,,,,,,,http://web.archive.org/web/20231208154336if_/https://www.creatorspad.com/,,,,,,,,,,,,,,,,,,,,,,,,,,,,,,,,,,,
,,,,,,,,,,,http://web.archive.org/web/20240413061147if_/https://www.creatorspad.com/,,,,,,,,,,,,,,,,,,,,,,,,,,,,,,,,,,,
,,,,,,,,,,,http://web.archive.org/web/20241221081029if_/https://www.creatorspad.com/,,,,,,,,,,,,,,,,,,,,,,,,,,,,,,,,,,,
,,,,,,,,,,,,,,,,,,,,,,,,,,,,,,,,,,,,,,,,,,,,,,
theminutetour.com,spam,â€“,SNAPSHOT <http://web.archive.org/web/20200620103428if_/https://theminutetour.com/> TEXT : Badword [ Buy Now] in (arket.com Woops We can't find that domain name. How about searching for one instead? Domain For Sale Buy Now What Are the Advantages of a Super Premium .Com Domain? Increased Traffic Premium names oft),13,14,0,39,en,The Minute Tour |,togeljackpot,http://web.archive.org/web/20110225125633if_/http://www.theminutetour.com:80/,39,118,109,1178,50,204,4,5,106,58,96,66,57,42,64,106,8,81,0,0,8,16,252,85,13,30,29,0,0,Yes,Indonesian English Portuguese Turkish,Home/Family,Business/Real Estate,Recreation/Travel,2011: English
,,,,,,,,id,The Minute Tour | The Minute Tour is a cooperative for travelers by travelers. Itâ€™s about sharing your experiences trough video (and pictures and words) with kindred spirits all over the world.,alex,http://web.archive.org/web/20110808135941if_/http://www.theminutetour.com:80/,,,,,,,,,,,,,,,,,,,,,,,,,,,,,,,,,,,2012: English
,,,,,,,,,The Minute Tour | Inspiring Travel - One Minute at a Time.,552233. theminutetour.com,http://web.archive.org/web/20120422033312if_/http://www.theminutetour.com:80/,,,,,,,,,,,,,,,,,,,,,,,,,,,,,,,,,,,2013: English
,,,,,,,,,The Minute Tour Video Travel Blog,boost https://theminutetour.com for ahrefs dr moz da and majestic tf with quality dofollow backlinks and guest posts â€“ see results first pay later! click here to place an order or visit skylinkseo.com. contact us anytime on telegram at t.me/skylinkseo,http://web.archive.org/web/20120919064957if_/http://www.theminutetour.com/,,,,,,,,,,,,,,,,,,,,,,,,,,,,,,,,,,,2014: English
,,,,,,,,,,the minute tour,http://web.archive.org/web/20130426113841if_/http://www.theminutetour.com/,,,,,,,,,,,,,,,,,,,,,,,,,,,,,,,,,,,2016: English
,,,,,,,,,Buy a Domain Name - World's Best Domains For Sale,theminutetour.com,http://web.archive.org/web/20140109021134if_/http://www.theminutetour.com/,,,,,,,,,,,,,,,,,,,,,,,,,,,,,,,,,,,2020: English
,,,,,,,,,TOGELJACKPOT ðŸ’– Slot Gacor Gampang Menang Dan Winrate Tertinggi,+,http://web.archive.org/web/20140829115708if_/http://www.theminutetour.com/,,,,,,,,,,,,,,,,,,,,,,,,,,,,,,,,,,,2022: English
,,,,,,,,,TOGELJACKPOT Slot Tergacor Gampang Menang Dan Winrate Tertinggi,alex lop,http://web.archive.org/web/20160115062434if_/http://www.theminutetour.com/,,,,,,,,,,,,,,,,,,,,,,,,,,,,,,,,,,,2024: 
,,,,,,,,,,a great post from alex lop,http://web.archive.org/web/20160531133943if_/http://www.theminutetour.com:80/,,,,,,,,,,,,,,,,,,,,,,,,,,,,,,,,,,,2025: 
,,,,,,,,,,,http://web.archive.org/web/20161031113031if_/http://www.theminutetour.com/,,,,,,,,,,,,,,,,,,,,,,,,,,,,,,,,,,,
,,,,,,,,,,,http://web.archive.org/web/20200620103428if_/https://theminutetour.com/,,,,,,,,,,,,,,,,,,,,,,,,,,,,,,,,,,,
,,,,,,,,,,,http://web.archive.org/web/20220312175942if_/https://theminutetour.com/,,,,,,,,,,,,,,,,,,,,,,,,,,,,,,,,,,,
,,,,,,,,,,,http://web.archive.org/web/20240417174417if_/https://www.theminutetour.com/,,,,,,,,,,,,,,,,,,,,,,,,,,,,,,,,,,,
,,,,,,,,,,,http://web.archive.org/web/20250119161952if_/https://www.theminutetour.com/,,,,,,,,,,,,,,,,,,,,,,,,,,,,,,,,,,,
,,,,,,,,,,,,,,,,,,,,,,,,,,,,,,,,,,,,,,,,,,,,,,
asicboost.com,suspicious,27,\MANY REDIRECTS: Domain `asicboost.com` has a high percentage of redirects (301:44% 3026%)\,9,9,1,50,en,asicboost,announced,http://web.archive.org/web/20160401074345if_/http://www.asicboost.com/,50,43,1,77,50,50,32,2,679,240,619,263,231,140,533,678,1,17,0,0,15,20,290,102,15,98,92,0,0,No,English German Chinese French Japanese Hungarian Spanish/Castilian Dutch/Flemish Greek (modern) Persian,Home/Family,Business/Healthcare,Business/Crypto,2016: English
,,,,,,,,,AsicBoost,whitepaper,http://web.archive.org/web/20160813143942if_/http://www.asicboost.com:80/,,,,,,,,,,,,,,,,,,,,,,,,,,,,,,,,,,,2017: English
,,,,,,,,,asicboost.com - Registered at Namecheap.com,recently,http://web.archive.org/web/20170222215330if_/http://www.asicboost.com/,,,,,,,,,,,,,,,,,,,,,,,,,,,,,,,,,,,2018: English
,,,,,,,,,,https://www.asicboost.com,http://web.archive.org/web/20170928133659if_/https://www.asicboost.com/,,,,,,,,,,,,,,,,,,,,,,,,,,,,,,,,,,,2019: English
,,,,,,,,,,https://www.asicboost.com/,http://web.archive.org/web/20180302055047if_/https://www.asicboost.com/,,,,,,,,,,,,,,,,,,,,,,,,,,,,,,,,,,,2020: English
,,,,,,,,,,asicboost,http://web.archive.org/web/20180711053421if_/https://www.asicboost.com/,,,,,,,,,,,,,,,,,,,,,,,,,,,,,,,,,,,
,,,,,,,,,,developed,http://web.archive.org/web/20190228094946if_/https://www.asicboost.com/,,,,,,,,,,,,,,,,,,,,,,,,,,,,,,,,,,,
,,,,,,,,,,made asicboost available,http://web.archive.org/web/20191207162248if_/https://www.asicboost.com/,,,,,,,,,,,,,,,,,,,,,,,,,,,,,,,,,,,
,,,,,,,,,,asicboost.com,http://web.archive.org/web/20200509153715if_/http://www.asicboost.com/,,,,,,,,,,,,,,,,,,,,,,,,,,,,,,,,,,,
,,,,,,,,,,https://www.asicboost.com/single-post/2018/03/01/opening-asicboost-for-defensive-use/,,,,,,,,,,,,,,,,,,,,,,,,,,,,,,,,,,,,
,,,,,,,,,,,,,,,,,,,,,,,,,,,,,,,,,,,,,,,,,,,,,,
solarsystemquick.com,clear,4,Clean,15,15,0,75,en,Our Solar System Facts - Quick Astronomy Guide to the Planets Sun and Moons,capella star facts | solarsystemquick.com,http://web.archive.org/web/20101002064230if_/http://www.solarsystemquick.com:80/,75,295,1866,2140,50,56,31,4,2658,747,1805,652,565,824,1831,2658,259,0,1,35,18,21,624,341,181,295,253,0,3,No,English Japanese Hindi Spanish/Castilian Arabic Ukrainian Swedish Thai German Chinese,Reference/Museums,Science/Astronomy,Science/News and Media,2010: English
,,,,,,,,,Quick Astronomy - Planets of our Solar System - Facts and Information,solarsystemquick,http://web.archive.org/web/20110207193444if_/http://solarsystemquick.com/,,,,,,,,,,,,,,,,,,,,,,,,,,,,,,,,,,,2011: English
,,,,,,,,,SSQ Astronomy Guide - Our Solar System - Facts & Information about the Planets Moons and Sun,lyra constellation facts | solarsystemquick.com,http://web.archive.org/web/20110619081403if_/http://www.solarsystemquick.com:80/,,,,,,,,,,,,,,,,,,,,,,,,,,,,,,,,,,,2012: English
,,,,,,,,,SSQ Astronomy - The Solar System - Planets and Moons,solarsystemquick.com,http://web.archive.org/web/20111027210829if_/http://www.solarsystemquick.com:80/,,,,,,,,,,,,,,,,,,,,,,,,,,,,,,,,,,,2013: English
,,,,,,,,,Solar System Facts - Planets Moons and Other Bodies,second-largest constellation,http://web.archive.org/web/20120502220029if_/http://www.solarsystemquick.com:80/,,,,,,,,,,,,,,,,,,,,,,,,,,,,,,,,,,,2014: English
,,,,,,,,,Solar System Facts and Information - Solar System Planets,sirius star facts | solarsystemquick.com,http://web.archive.org/web/20120910091451if_/http://www.solarsystemquick.com:80/,,,,,,,,,,,,,,,,,,,,,,,,,,,,,,,,,,,2015: English
,,,,,,,,,Solar System - Facts About the Solar System,hercules constellation facts | solarsystemquick.com,http://web.archive.org/web/20130125163219if_/http://www.solarsystemquick.com/,,,,,,,,,,,,,,,,,,,,,,,,,,,,,,,,,,,2016: English
,,,,,,,,,Solar System - Facts About the Solar System | Solarsystemquick.com,antares star facts | solarsystemquick.com,http://web.archive.org/web/20130528183417if_/http://www.solarsystemquick.com:80/,,,,,,,,,,,,,,,,,,,,,,,,,,,,,,,,,,,2017: English
,,,,,,,,,Solarsystemquick.com: Solar System Facts - Facts About the Solar System,saved from solarsystemquick.com,http://web.archive.org/web/20131005161637if_/http://www.solarsystemquick.com:80/,,,,,,,,,,,,,,,,,,,,,,,,,,,,,,,,,,,2018: English
,,,,,,,,,Solar System Facts - Interesting Facts About our Solar System,,http://web.archive.org/web/20140206103524if_/http://www.solarsystemquick.com:80/,,,,,,,,,,,,,,,,,,,,,,,,,,,,,,,,,,,2019: English
,,,,,,,,,Solarsystemquick.com: Solar System Facts,,http://web.archive.org/web/20140705033235if_/http://www.solarsystemquick.com:80/,,,,,,,,,,,,,,,,,,,,,,,,,,,,,,,,,,,2020: English
,,,,,,,,,,,http://web.archive.org/web/20141108211350if_/http://www.solarsystemquick.com:80/,,,,,,,,,,,,,,,,,,,,,,,,,,,,,,,,,,,2022: English
,,,,,,,,,,,http://web.archive.org/web/20150925231040if_/http://www.solarsystemquick.com:80/,,,,,,,,,,,,,,,,,,,,,,,,,,,,,,,,,,,2023: English
,,,,,,,,,,,http://web.archive.org/web/20160711155129if_/http://www.solarsystemquick.com:80/,,,,,,,,,,,,,,,,,,,,,,,,,,,,,,,,,,,2024: English
,,,,,,,,,,,http://web.archive.org/web/20170219051032if_/http://www.solarsystemquick.com/,,,,,,,,,,,,,,,,,,,,,,,,,,,,,,,,,,,
,,,,,,,,,,,http://web.archive.org/web/20180224075500if_/https://www.solarsystemquick.com/,,,,,,,,,,,,,,,,,,,,,,,,,,,,,,,,,,,
,,,,,,,,,,,http://web.archive.org/web/20180816182308if_/https://www.solarsystemquick.com/,,,,,,,,,,,,,,,,,,,,,,,,,,,,,,,,,,,
,,,,,,,,,,,http://web.archive.org/web/20191223231118if_/https://www.solarsystemquick.com/,,,,,,,,,,,,,,,,,,,,,,,,,,,,,,,,,,,
,,,,,,,,,,,http://web.archive.org/web/20200513093955if_/https://www.solarsystemquick.com/,,,,,,,,,,,,,,,,,,,,,,,,,,,,,,,,,,,
,,,,,,,,,,,http://web.archive.org/web/20201108100628if_/https://www.solarsystemquick.com/,,,,,,,,,,,,,,,,,,,,,,,,,,,,,,,,,,,
,,,,,,,,,,,http://web.archive.org/web/20220126135939if_/https://www.solarsystemquick.com/,,,,,,,,,,,,,,,,,,,,,,,,,,,,,,,,,,,
,,,,,,,,,,,http://web.archive.org/web/20220626013847if_/https://www.solarsystemquick.com/,,,,,,,,,,,,,,,,,,,,,,,,,,,,,,,,,,,
,,,,,,,,,,,http://web.archive.org/web/20230307180632if_/https://www.solarsystemquick.com/,,,,,,,,,,,,,,,,,,,,,,,,,,,,,,,,,,,
,,,,,,,,,,,http://web.archive.org/web/20230804201142if_/https://www.solarsystemquick.com/,,,,,,,,,,,,,,,,,,,,,,,,,,,,,,,,,,,
,,,,,,,,,,,http://web.archive.org/web/20231222153229if_/https://www.solarsystemquick.com/,,,,,,,,,,,,,,,,,,,,,,,,,,,,,,,,,,,
,,,,,,,,,,,http://web.archive.org/web/20240809213045if_/https://www.solarsystemquick.com/,,,,,,,,,,,,,,,,,,,,,,,,,,,,,,,,,,,
,,,,,,,,,,,,,,,,,,,,,,,,,,,,,,,,,,,,,,,,,,,,,,
hearthmind.com,spam,â€“,SNAPSHOT <http://web.archive.org/web/20241102201102if_/https://hearthmind.com/> TEXT : Badword [casino] in (Slot Gacor Microgaming Situs slot terpercaya satu-satunya menghadirkan game judi online berupa live casino dan gg hoki hoki slot online dalam satu tampilan. Kemudahan ini sangat berguna sekali bagi an),7,11,1,4,en,Hearthmind - A Collaborative Hearthstone Player,è¿™é‡Œ,http://web.archive.org/web/20140430024143if_/http://hearthmind.com:80/,4,51,49,1920,50,284,10,13,56281,130,56224,119,105,141,56140,56281,1,0,0,0,11,17,61,45,6,41,38,0,0,No,English Russian Indonesian Portuguese Italian Spanish/Castilian,Society/Organizations,Society/Religion and Spirituality,Home/Cooking,2014: English
,,,,,,,,id,hearthmind.com - Registered at Namecheap.com,hearthmind.com,http://web.archive.org/web/20140915035904if_/http://hearthmind.com:80/,,,,,,,,,,,,,,,,,,,,,,,,,,,,,,,,,,,2015: English
,,,,,,,,,hearthmind.com - Just another WordPress site,hearthmind,http://web.archive.org/web/20150130075606if_/http://hearthmind.com/,,,,,,,,,,,,,,,,,,,,,,,,,,,,,,,,,,,2016: English
,,,,,,,,,Wayback Machine,Ð·Ð°Ð¿ÑƒÑÑ‚Ð¸Ð»ÑÑ Ð¿Ð¾Ñ€Ñ‚Ð°Ð»,http://web.archive.org/web/20150603045257if_/http://hearthmind.com:80/,,,,,,,,,,,,,,,,,,,,,,,,,,,,,,,,,,,2020: English
,,,,,,,,,ACGWIN: Situs Judi Slot Online Gacor Terpercaya Link Slot88 Hari Ini,acgwin acgwin login,http://web.archive.org/web/20151103031334if_/http://hearthmind.com:80/,,,,,,,,,,,,,,,,,,,,,,,,,,,,,,,,,,,2021: English
,,,,,,,,,,+,http://web.archive.org/web/20160320214513if_/http://hearthmind.com:80/,,,,,,,,,,,,,,,,,,,,,,,,,,,,,,,,,,,2024: English Indonesian
,,,,,,,,,,https://hearthmind.com,http://web.archive.org/web/20160723195814if_/http://hearthmind.com:80/,,,,,,,,,,,,,,,,,,,,,,,,,,,,,,,,,,,2025: English
,,,,,,,,,,http://hearthmind.com/,http://web.archive.org/web/20161202055057if_/http://hearthmind.com/,,,,,,,,,,,,,,,,,,,,,,,,,,,,,,,,,,,
,,,,,,,,,,acgwin,http://web.archive.org/web/20200511220945if_/http://hearthmind.com/,,,,,,,,,,,,,,,,,,,,,,,,,,,,,,,,,,,
,,,,,,,,,,,http://web.archive.org/web/20211203152755if_/https://hearthmind.com/,,,,,,,,,,,,,,,,,,,,,,,,,,,,,,,,,,,
,,,,,,,,,,,http://web.archive.org/web/20240518205051if_/https://www.hearthmind.com/,,,,,,,,,,,,,,,,,,,,,,,,,,,,,,,,,,,
,,,,,,,,,,,http://web.archive.org/web/20241102201102if_/https://hearthmind.com/,,,,,,,,,,,,,,,,,,,,,,,,,,,,,,,,,,,
,,,,,,,,,,,http://web.archive.org/web/20250509071916if_/http://hearthmind.com/,,,,,,,,,,,,,,,,,,,,,,,,,,,,,,,,,,,
,,,,,,,,,,,,,,,,,,,,,,,,,,,,,,,,,,,,,,,,,,,,,,
dexinsight.com,clear,21,Clean,4,4,0,6,en,Home | DEX Insight LLC,open website,http://web.archive.org/web/20210202045137if_/https://www.dexinsight.com/,6,24,212,756,50,50,15,4,536,126,482,156,108,414,116,530,47,778,0,0,8,20,742,76,161,65,60,0,0,No,English Chinese Arabic French Russian Japanese Korean Spanish/Castilian German,Business/Industrial Goods and Services,Society/Religion and Spirituality,Business/Textiles and Nonwovens,2021: English
,,,,,,,,,Digital Employee Experience Insights,https://www.dexinsight.com/,http://web.archive.org/web/20220828185451if_/https://www.dexinsight.com/,,,,,,,,,,,,,,,,,,,,,,,,,,,,,,,,,,,2022: English
,,,,,,,,,,website,http://web.archive.org/web/20230115185812if_/https://www.dexinsight.com/,,,,,,,,,,,,,,,,,,,,,,,,,,,,,,,,,,,2023: English
,,,,,,,,,,dexinsight.com,http://web.archive.org/web/20230603014404if_/https://www.dexinsight.com/,,,,,,,,,,,,,,,,,,,,,,,,,,,,,,,,,,,2024: English
,,,,,,,,,,visit website,http://web.archive.org/web/20231201012804if_/https://www.dexinsight.com/,,,,,,,,,,,,,,,,,,,,,,,,,,,,,,,,,,,
,,,,,,,,,,https://dexinsight.com,http://web.archive.org/web/20240419061340if_/https://www.dexinsight.com/,,,,,,,,,,,,,,,,,,,,,,,,,,,,,,,,,,,
,,,,,,,,,,https://www.dexinsight.com,http://web.archive.org/web/20241218211026if_/https://www.dexinsight.com/,,,,,,,,,,,,,,,,,,,,,,,,,,,,,,,,,,,
,,,,,,,,,,visit,,,,,,,,,,,,,,,,,,,,,,,,,,,,,,,,,,,,
,,,,,,,,,,dex insight,,,,,,,,,,,,,,,,,,,,,,,,,,,,,,,,,,,,
,,,,,,,,,,,,,,,,,,,,,,,,,,,,,,,,,,,,,,,,,,,,,,
sweatguru.com,suspicious,22,\Significant Increase in Content (sweatguru.com-2017-02-13 [384] -> sweatguru.com-2023-09-26 [2233])\,17,19,0,91,en,Zerogrey e-commerce,here,http://web.archive.org/web/20100411222036if_/http://www.sweatguru.com:80/,91,84,1,2233,50,50,26,9,535,190,449,205,176,151,382,533,65,0,0,0,14,21,237,96,92,93,83,0,0,No,English Swedish Vietnamese Japanese,Society/Law,Society/People,Regional/Europe,2010: English
,,,,,,,,vi,SweatGuru,jamie walker,http://web.archive.org/web/20121116001116if_/http://sweatguru.com:80/,,,,,,,,,,,,,,,,,,,,,,,,,,,,,,,,,,,2012: 
,,,,,,,,,SweatGuru â€“ Where will the guru take you?,about,http://web.archive.org/web/20130320124136if_/http://www.sweatguru.com:80/,,,,,,,,,,,,,,,,,,,,,,,,,,,,,,,,,,,2013: English
,,,,,,,,,SweatGuru - Get started,alyce,http://web.archive.org/web/20131101125011if_/http://www.sweatguru.com/,,,,,,,,,,,,,,,,,,,,,,,,,,,,,,,,,,,2015: English
,,,,,,,,,XÃ´i láº¡c TV - NÆ¡i cháº¯p cÃ¡nh cho nhá»¯ng Ä‘am mÃª bÃ³ng Ä‘Ã¡,sweatguru.com,http://web.archive.org/web/20150214163343if_/https://www.sweatguru.com/,,,,,,,,,,,,,,,,,,,,,,,,,,,,,,,,,,,2017: English
,,,,,,,,,,sweat guru,http://web.archive.org/web/20170213214752if_/http://www.sweatguru.com:80/,,,,,,,,,,,,,,,,,,,,,,,,,,,,,,,,,,,2023: Vietnamese
,,,,,,,,,,https://sweatguru.com/,http://web.archive.org/web/20230926055055if_/https://sweatguru.com/,,,,,,,,,,,,,,,,,,,,,,,,,,,,,,,,,,,2024: Vietnamese
,,,,,,,,,,sweatguru,http://web.archive.org/web/20240302202355if_/https://sweatguru.com/,,,,,,,,,,,,,,,,,,,,,,,,,,,,,,,,,,,2025: Vietnamese
,,,,,,,,,,www.sweatguru.com,http://web.archive.org/web/20250207050719if_/https://sweatguru.com/,,,,,,,,,,,,,,,,,,,,,,,,,,,,,,,,,,,
,,,,,,,,,,,,,,,,,,,,,,,,,,,,,,,,,,,,,,,,,,,,,,
relizen.com,spam,â€“,SNAPSHOT <http://web.archive.org/web/20161215133911if_/https://www.relizen.com/> TEXT : Badword [ buy now] in (end emailResend verification email Â  For Patients >> Â  For healthcare professionals >> Click here to buy now SIGN IN TO RELIZEN Create a Relizen account forgot my password Expired/Invalid password rec),10,11,0,30,en,,relizen,http://web.archive.org/web/20130507113318if_/http://relizen.com,30,31,0,1409,50,89,26,1,195,107,160,111,101,66,129,195,13,566,0,0,15,18,103,60,86,56,48,0,0,Yes,English,Business/Biotechnology and Pharmaceuticals,,,2013: English
,,,,,,,,,Relizen,website,http://web.archive.org/web/20131206060145if_/http://www.relizen.com:80/,,,,,,,,,,,,,,,,,,,,,,,,,,,,,,,,,,,2014: English
,,,,,,,,,Relizen | Relief from hot flashes & other symptoms of menopause,www.relizen.com,http://web.archive.org/web/20140517042501if_/http://relizen.com:80/,,,,,,,,,,,,,,,,,,,,,,,,,,,,,,,,,,,2015: English
,,,,,,,,,Consumer Home Page - Relizen,purchase relizen,http://web.archive.org/web/20140927233030if_/http://relizen.com:80/,,,,,,,,,,,,,,,,,,,,,,,,,,,,,,,,,,,2016: English
,,,,,,,,,Relizen.com | For the relief of hot flashes associated with menopause - Relizen,https://www.relizen.com/,http://web.archive.org/web/20150924080856if_/https://relizen.com/,,,,,,,,,,,,,,,,,,,,,,,,,,,,,,,,,,,2017: 
,,,,,,,,,Hot Flash Relief | Menopause Supplement | Menopausal Relief,relizen.com,http://web.archive.org/web/20161215133911if_/https://www.relizen.com/,,,,,,,,,,,,,,,,,,,,,,,,,,,,,,,,,,,2018: English
,,,,,,,,,,facts about birth control pills and menopause,http://web.archive.org/web/20170710125643if_/https://www.relizen.com/,,,,,,,,,,,,,,,,,,,,,,,,,,,,,,,,,,,
,,,,,,,,,,relizen clinical results,http://web.archive.org/web/20180314000854if_/https://www.relizen.com/,,,,,,,,,,,,,,,,,,,,,,,,,,,,,,,,,,,
,,,,,,,,,,relizenÂ®,http://web.archive.org/web/20180805065012if_/https://www.relizen.com/,,,,,,,,,,,,,,,,,,,,,,,,,,,,,,,,,,,
,,,,,,,,,,,,,,,,,,,,,,,,,,,,,,,,,,,,,,,,,,,,,,
theleveragedphd.com,clear,15,Clean,5,5,0,9,en,The Leveraged PhD - The Leveraged PhD,https://globesectors.com/marilyn-denis-cbd-gummies/,http://web.archive.org/web/20191215102905if_/https://theleveragedphd.com/,9,50,528,1483,50,145,41,30,328039,537,327895,454,300,722,327178,327901,494,973,0,51,12,24,930,73,239,69,69,0,2,No,English French German Greek (modern) Arabic Hungarian Russian,Reference/Archives,Arts/Art History,Computers/Software/Internet,2019: English
,,,,,,,,,,slot gacor hari ini,http://web.archive.org/web/20200423085901if_/https://theleveragedphd.com/,,,,,,,,,,,,,,,,,,,,,,,,,,,,,,,,,,,2020: English
,,,,,,,,,,theleveragedphd.com,http://web.archive.org/web/20210119053746if_/https://theleveragedphd.com/,,,,,,,,,,,,,,,,,,,,,,,,,,,,,,,,,,,2021: English
,,,,,,,,,,https://globesectors.com/summer-valley-cbd-gummies/,http://web.archive.org/web/20210621103010if_/https://theleveragedphd.com/,,,,,,,,,,,,,,,,,,,,,,,,,,,,,,,,,,,2022: English
,,,,,,,,,,https://globesectors.com/ryan-kavanaugh-cbd-gummies/,http://web.archive.org/web/20211022131659if_/https://theleveragedphd.com/,,,,,,,,,,,,,,,,,,,,,,,,,,,,,,,,,,,2023: English
,,,,,,,,,,globesectors.com,http://web.archive.org/web/20220520075438if_/https://theleveragedphd.com/,,,,,,,,,,,,,,,,,,,,,,,,,,,,,,,,,,,2024: English
,,,,,,,,,,hoki138,http://web.archive.org/web/20220926130811if_/https://theleveragedphd.com/,,,,,,,,,,,,,,,,,,,,,,,,,,,,,,,,,,,
,,,,,,,,,,slot,http://web.archive.org/web/20231001091724if_/https://theleveragedphd.com/,,,,,,,,,,,,,,,,,,,,,,,,,,,,,,,,,,,
,,,,,,,,,,slot gacor,http://web.archive.org/web/20240423112556if_/https://theleveragedphd.com/,,,,,,,,,,,,,,,,,,,,,,,,,,,,,,,,,,,
,,,,,,,,,,seo backlinks black-links traffic boost link indexing â€“ telegram @seo_anomaly,,,,,,,,,,,,,,,,,,,,,,,,,,,,,,,,,,,,
,,,,,,,,,,,,,,,,,,,,,,,,,,,,,,,,,,,,,,,,,,,,,,
trendsinfoo.com,suspicious,29,\Significant Increase in Content (trendsinfoo.com-2021-02-16 [1122] -> trendsinfoo.com-2021-09-01 [2803])\,4,4,0,14,en,Cricket Sports News & Media Website,bayern munich vs benfica live stream tv guide how to watch uefa champions league live on,http://web.archive.org/web/20210216172712if_/https://trendsinfoo.com/,14,39,1122,4591,75,193,17,16,20850,11550,18314,533,450,1428,19419,20847,18164,4443,0,50,4,17,306,93,205,84,83,1,3,No,English German Russian Polish Spanish/Castilian Thai,Business/Textiles and Nonwovens,Society/Religion and Spirituality,Business/Industrial Goods and Services,2021: English
,,,,,,,,,Trends Infoo - News Cricket Sports & Media Website,eintracht frankfurt vs fc koln live stream tv guide how to watch bundesliga live on tv,http://web.archive.org/web/20210901111518if_/https://trendsinfoo.com/,,,,,,,,,,,,,,,,,,,,,,,,,,,,,,,,,,,2022: English
,,,,,,,,,PSL 2022 Live Streaming Point Table Live Score All You Want To Know About PSL 2022,trendsinfoo,http://web.archive.org/web/20220118185934if_/https://trendsinfoo.com/,,,,,,,,,,,,,,,,,,,,,,,,,,,,,,,,,,,2023: English
,,,,,,,,,Trends Info - Live Stream News Technology Life Style Gaming Sports Cricket Football All in one Website,bayern munich vs eintracht frankfurt live stream tv guide how to watch bundesliga live on tv,http://web.archive.org/web/20220601072623if_/https://trendsinfoo.com/,,,,,,,,,,,,,,,,,,,,,,,,,,,,,,,,,,,2025: English
,,,,,,,,,Trendsinfoo.com,bayern munich vs hertha berlin live stream how to watch bundesliga live on tv,http://web.archive.org/web/20221001194931if_/https://trendsinfoo.com/,,,,,,,,,,,,,,,,,,,,,,,,,,,,,,,,,,,
,,,,,,,,,Trendsinfoo - Welcome to New Trends World,fc koln vs eintracht frankfurt live stream how to watch on tv channels?,http://web.archive.org/web/20230423025349if_/https://trendsinfoo.com/,,,,,,,,,,,,,,,,,,,,,,,,,,,,,,,,,,,
,,,,,,,,,,trendsinfoo.com,http://web.archive.org/web/20231204002105if_/https://trendsinfoo.com/,,,,,,,,,,,,,,,,,,,,,,,,,,,,,,,,,,,
,,,,,,,,,,bangladesh vs sri lanka live stream tv guide gazi tv ...,http://web.archive.org/web/20250120120019if_/https://trendsinfoo.com/,,,,,,,,,,,,,,,,,,,,,,,,,,,,,,,,,,,
,,,,,,,,,,borussia dortmund vs augsburg live stream tv guide how to watch bundesliga live on tv,,,,,,,,,,,,,,,,,,,,,,,,,,,,,,,,,,,,
,,,,,,,,,,,,,,,,,,,,,,,,,,,,,,,,,,,,,,,,,,,,,,
thedailyguardians.com,spam,â€“,Insufficient archive.org history available,1,1,0,0,en,,who is troy dendekker? the story of bradley nowellâ€™s wife,,1,16,10000000000,-1,10000000000,-1,19,1,1225,148,1039,115,109,273,952,1225,11,13,0,7,12,25,906,66,4606,51,51,0,0,No,English Russian Persian Portuguese Spanish/Castilian Hindi Slovak,Regional/North America,Computers/Internet/E-mail,Society/Politics,
,,,,,,,,,,ryan nikolaos sampras: son of tennis player pete sampras,,,,,,,,,,,,,,,,,,,,,,,,,,,,,,,,,,,,
,,,,,,,,,,troy dendekker,,,,,,,,,,,,,,,,,,,,,,,,,,,,,,,,,,,,
,,,,,,,,,,who is murray hone? meet evangeline lillyâ€™s ex-husband,,,,,,,,,,,,,,,,,,,,,,,,,,,,,,,,,,,,
,,,,,,,,,,the daily guardians,,,,,,,,,,,,,,,,,,,,,,,,,,,,,,,,,,,,
,,,,,,,,,,https://www.thedailyguardians.com/murray-hone/,,,,,,,,,,,,,,,,,,,,,,,,,,,,,,,,,,,,
,,,,,,,,,,steelo brim wife relationship career and net worth,,,,,,,,,,,,,,,,,,,,,,,,,,,,,,,,,,,,
,,,,,,,,,,thedailyguardians.com,,,,,,,,,,,,,,,,,,,,,,,,,,,,,,,,,,,,
,,,,,,,,,,https://www.thedailyguardians.com/troy-dendekker/,,,,,,,,,,,,,,,,,,,,,,,,,,,,,,,,,,,,
,,,,,,,,,,steelo brim wife,,,,,,,,,,,,,,,,,,,,,,,,,,,,,,,,,,,,
,,,,,,,,,,,,,,,,,,,,,,,,,,,,,,,,,,,,,,,,,,,,,,
debateable.org,spam,â€“,SNAPSHOT <http://web.archive.org/web/20180526203754if_/http://www.debateable.org:80/> TEXT : Badword [sex] in (European Cup: Aston Villa beats Bayern Munich 1-0 at Rotterdam 1989 - Danish parliament allows same-sex marriage More Historical Events Â» Share this Page Main Menu Debate Topics Debate Styles and Intr),14,14,1,24,en,Welcome to Debateable!,http://debateable.org/,http://web.archive.org/web/20110603155746if_/http://debateable.org:80/,24,142,0,1209,50,83,6,1,395,82,220,106,91,202,193,395,20,153,0,2,3,15,38,29,21,27,27,0,0,No,English Bengali French Korean Portuguese Italian,Business/Textiles and Nonwovens,Society/Religion and Spirituality,Business,2011: English
,,,,,,,,fr,,debateable,http://web.archive.org/web/20120103010119if_/http://debateable.org:80/,,,,,,,,,,,,,,,,,,,,,,,,,,,,,,,,,,,2012: English
,,,,,,,,,Welcome to Debateable - Debateable,http://debateable.org/debate-topics/the-set-up#h2-definition,http://web.archive.org/web/20120630084414if_/http://debateable.org:80/,,,,,,,,,,,,,,,,,,,,,,,,,,,,,,,,,,,2013: English
,,,,,,,,,The domain name debateable.org is for sale,debateable.org,http://web.archive.org/web/20121230003419if_/http://www.debateable.org:80/,,,,,,,,,,,,,,,,,,,,,,,,,,,,,,,,,,,2014: English
,,,,,,,,,Wayback Machine,http://debateable.org/debate-topics/speaker-roles,http://web.archive.org/web/20130530133041if_/http://debateable.org/,,,,,,,,,,,,,,,,,,,,,,,,,,,,,,,,,,,2015: English
,,,,,,,,,,http://debateable.org/debate-strategies/debate-research,http://web.archive.org/web/20140104182517if_/http://debateable.org/,,,,,,,,,,,,,,,,,,,,,,,,,,,,,,,,,,,2016: English
,,,,,,,,,,http://debateable.org/debate-topics/rebuttals,http://web.archive.org/web/20140517061411if_/http://debateable.org/,,,,,,,,,,,,,,,,,,,,,,,,,,,,,,,,,,,2017: English
,,,,,,,,,,http://debateable.org/debate-topics/points-of-information,http://web.archive.org/web/20141127162054if_/http://debateable.org:80/,,,,,,,,,,,,,,,,,,,,,,,,,,,,,,,,,,,2018: English French
,,,,,,,,,,http://debateable.org/debate-strategies/constructing-a-speech,http://web.archive.org/web/20150410075600if_/http://debateable.org:80/,,,,,,,,,,,,,,,,,,,,,,,,,,,,,,,,,,,2019: 
,,,,,,,,,,,http://web.archive.org/web/20150818094511if_/http://debateable.org:80/,,,,,,,,,,,,,,,,,,,,,,,,,,,,,,,,,,,2020: English
,,,,,,,,,,,http://web.archive.org/web/20151222083257if_/http://debateable.org:80/,,,,,,,,,,,,,,,,,,,,,,,,,,,,,,,,,,,2021: 
,,,,,,,,,,,http://web.archive.org/web/20160504201353if_/http://debateable.org:80/,,,,,,,,,,,,,,,,,,,,,,,,,,,,,,,,,,,2022: English
,,,,,,,,,,,http://web.archive.org/web/20161005165300if_/http://debateable.org/,,,,,,,,,,,,,,,,,,,,,,,,,,,,,,,,,,,2023: English
,,,,,,,,,,,http://web.archive.org/web/20170430073948if_/http://debateable.org/,,,,,,,,,,,,,,,,,,,,,,,,,,,,,,,,,,,2024: English
,,,,,,,,,,,http://web.archive.org/web/20170912061430if_/http://debateable.org/,,,,,,,,,,,,,,,,,,,,,,,,,,,,,,,,,,,2025: English
,,,,,,,,,,,http://web.archive.org/web/20180121184306if_/http://www.debateable.org:80/,,,,,,,,,,,,,,,,,,,,,,,,,,,,,,,,,,,
,,,,,,,,,,,http://web.archive.org/web/20180526203754if_/http://www.debateable.org:80/,,,,,,,,,,,,,,,,,,,,,,,,,,,,,,,,,,,
,,,,,,,,,,,http://web.archive.org/web/20180929155230if_/http://www.debateable.org:80/,,,,,,,,,,,,,,,,,,,,,,,,,,,,,,,,,,,
,,,,,,,,,,,http://web.archive.org/web/20190201090633if_/http://www.debateable.org:80/,,,,,,,,,,,,,,,,,,,,,,,,,,,,,,,,,,,
,,,,,,,,,,,http://web.archive.org/web/20201114000943if_/https://debateable.org/,,,,,,,,,,,,,,,,,,,,,,,,,,,,,,,,,,,
,,,,,,,,,,,http://web.archive.org/web/20210417090120if_/https://debateable.org/,,,,,,,,,,,,,,,,,,,,,,,,,,,,,,,,,,,
,,,,,,,,,,,http://web.archive.org/web/20210921115917if_/https://debateable.org/,,,,,,,,,,,,,,,,,,,,,,,,,,,,,,,,,,,
,,,,,,,,,,,http://web.archive.org/web/20220927084819if_/https://debateable.org/,,,,,,,,,,,,,,,,,,,,,,,,,,,,,,,,,,,
,,,,,,,,,,,http://web.archive.org/web/20230326222425if_/https://debateable.org/,,,,,,,,,,,,,,,,,,,,,,,,,,,,,,,,,,,
,,,,,,,,,,,http://web.archive.org/web/20240418101215if_/https://www.debateable.org/,,,,,,,,,,,,,,,,,,,,,,,,,,,,,,,,,,,
,,,,,,,,,,,http://web.archive.org/web/20241014025911if_/https://debateable.org/,,,,,,,,,,,,,,,,,,,,,,,,,,,,,,,,,,,
,,,,,,,,,,,http://web.archive.org/web/20250219185648if_/http://debateable.org/,,,,,,,,,,,,,,,,,,,,,,,,,,,,,,,,,,,
,,,,,,,,,,,,,,,,,,,,,,,,,,,,,,,,,,,,,,,,,,,,,,
healthyprotocols.com,spam,â€“,SNAPSHOT <http://web.archive.org/web/20091107012132if_/http://healthyprotocols.com:80/> TEXT : Badword [VIAGRA] in (KILLS SOYBEANS SPICES SUGAR SUNSHINE SUPPLEMENTS SWEETEN THREATS TOOTH TRANSFAT TREAT VACCINE VEGES VIAGRA VITAMIN WALK Â  Contact Â  Pandemic Update Web Site Initial Statement â€œWhen it comes to health),16,16,0,3,en,Index Home page,healthyprotocols.com,http://web.archive.org/web/20091107012132if_/http://healthyprotocols.com:80/,3,155,258,1568,50,86,10,4,4772,392,2810,315,276,1649,3117,4771,154,1248,0,0,25,23,906,132,211,124,114,0,2,No,English Chinese Polish Czech Vietnamese German Norwegian Italian Japanese Malay,News/Media Industry,Society/Issues,Science/Biology,2009: English
,,,,,,,,,New Home Page .htm,lou,http://web.archive.org/web/20101006133417if_/http://healthyprotocols.com/,,,,,,,,,,,,,,,,,,,,,,,,,,,,,,,,,,,2010: English
,,,,,,,,,Healthy Protocols Home Page .htm,selenium,http://web.archive.org/web/20110208000200if_/http://healthyprotocols.com/,,,,,,,,,,,,,,,,,,,,,,,,,,,,,,,,,,,2011: English
,,,,,,,,,Healthy Protocols A-Z,healthyprotocols,http://web.archive.org/web/20110625170933if_/http://healthyprotocols.com/,,,,,,,,,,,,,,,,,,,,,,,,,,,,,,,,,,,2012: 
,,,,,,,,,,http://healthyprotocols.com/2_dr_moulden.htm,http://web.archive.org/web/20111101235627if_/http://healthyprotocols.com:80/,,,,,,,,,,,,,,,,,,,,,,,,,,,,,,,,,,,2013: 
,,,,,,,,,,http://healthyprotocols.com/2_vaccine.htm,http://web.archive.org/web/20120302093926if_/http://healthyprotocols.com:80/,,,,,,,,,,,,,,,,,,,,,,,,,,,,,,,,,,,2014: 
,,,,,,,,,,http://healthyprotocols.com/2_corona_virus.htm,http://web.archive.org/web/20120831183241if_/http://healthyprotocols.com:80/,,,,,,,,,,,,,,,,,,,,,,,,,,,,,,,,,,,2015: 
,,,,,,,,,,http://healthyprotocols.com/2_flu_shot_intro.htm,http://web.archive.org/web/20130303132622if_/http://healthyprotocols.com:80/,,,,,,,,,,,,,,,,,,,,,,,,,,,,,,,,,,,2016: 
,,,,,,,,,,kill any virus,http://web.archive.org/web/20130704002347if_/http://healthyprotocols.com:80/,,,,,,,,,,,,,,,,,,,,,,,,,,,,,,,,,,,2017: 
,,,,,,,,,,,http://web.archive.org/web/20140110110521if_/http://healthyprotocols.com/,,,,,,,,,,,,,,,,,,,,,,,,,,,,,,,,,,,2018: 
,,,,,,,,,,,http://web.archive.org/web/20140517085336if_/http://healthyprotocols.com/,,,,,,,,,,,,,,,,,,,,,,,,,,,,,,,,,,,2019: 
,,,,,,,,,,,http://web.archive.org/web/20141014175512if_/http://healthyprotocols.com:80/,,,,,,,,,,,,,,,,,,,,,,,,,,,,,,,,,,,2020: 
,,,,,,,,,,,http://web.archive.org/web/20150221084332if_/http://healthyprotocols.com:80/,,,,,,,,,,,,,,,,,,,,,,,,,,,,,,,,,,,2021: 
,,,,,,,,,,,http://web.archive.org/web/20150712055633if_/http://healthyprotocols.com/,,,,,,,,,,,,,,,,,,,,,,,,,,,,,,,,,,,2022: 
,,,,,,,,,,,http://web.archive.org/web/20151117073413if_/http://healthyprotocols.com/,,,,,,,,,,,,,,,,,,,,,,,,,,,,,,,,,,,2023: 
,,,,,,,,,,,http://web.archive.org/web/20160322084036if_/http://healthyprotocols.com/,,,,,,,,,,,,,,,,,,,,,,,,,,,,,,,,,,,2024: 
,,,,,,,,,,,http://web.archive.org/web/20160817214311if_/http://healthyprotocols.com:80/,,,,,,,,,,,,,,,,,,,,,,,,,,,,,,,,,,,2025: 
,,,,,,,,,,,http://web.archive.org/web/20170114180247if_/http://healthyprotocols.com/,,,,,,,,,,,,,,,,,,,,,,,,,,,,,,,,,,,
,,,,,,,,,,,http://web.archive.org/web/20170529193942if_/http://healthyprotocols.com/,,,,,,,,,,,,,,,,,,,,,,,,,,,,,,,,,,,
,,,,,,,,,,,http://web.archive.org/web/20171014103946if_/http://healthyprotocols.com:80/,,,,,,,,,,,,,,,,,,,,,,,,,,,,,,,,,,,
,,,,,,,,,,,http://web.archive.org/web/20180318204203if_/http://healthyprotocols.com:80/,,,,,,,,,,,,,,,,,,,,,,,,,,,,,,,,,,,
,,,,,,,,,,,http://web.archive.org/web/20180719054840if_/http://healthyprotocols.com/,,,,,,,,,,,,,,,,,,,,,,,,,,,,,,,,,,,
,,,,,,,,,,,http://web.archive.org/web/20181202214456if_/http://healthyprotocols.com/,,,,,,,,,,,,,,,,,,,,,,,,,,,,,,,,,,,
,,,,,,,,,,,http://web.archive.org/web/20190630020827if_/http://healthyprotocols.com:80/,,,,,,,,,,,,,,,,,,,,,,,,,,,,,,,,,,,
,,,,,,,,,,,http://web.archive.org/web/20191109024617if_/http://healthyprotocols.com/,,,,,,,,,,,,,,,,,,,,,,,,,,,,,,,,,,,
,,,,,,,,,,,http://web.archive.org/web/20200402154631if_/http://healthyprotocols.com/,,,,,,,,,,,,,,,,,,,,,,,,,,,,,,,,,,,
,,,,,,,,,,,http://web.archive.org/web/20200821143928if_/http://healthyprotocols.com/,,,,,,,,,,,,,,,,,,,,,,,,,,,,,,,,,,,
,,,,,,,,,,,http://web.archive.org/web/20210124033228if_/http://healthyprotocols.com/,,,,,,,,,,,,,,,,,,,,,,,,,,,,,,,,,,,
,,,,,,,,,,,http://web.archive.org/web/20210615171605if_/https://healthyprotocols.com/,,,,,,,,,,,,,,,,,,,,,,,,,,,,,,,,,,,
,,,,,,,,,,,http://web.archive.org/web/20220222225249if_/http://healthyprotocols.com/,,,,,,,,,,,,,,,,,,,,,,,,,,,,,,,,,,,
,,,,,,,,,,,http://web.archive.org/web/20230114012531if_/http://healthyprotocols.com/,,,,,,,,,,,,,,,,,,,,,,,,,,,,,,,,,,,
,,,,,,,,,,,http://web.archive.org/web/20230529185401if_/https://healthyprotocols.com/,,,,,,,,,,,,,,,,,,,,,,,,,,,,,,,,,,,
,,,,,,,,,,,http://web.archive.org/web/20231106065403if_/https://healthyprotocols.com/,,,,,,,,,,,,,,,,,,,,,,,,,,,,,,,,,,,
,,,,,,,,,,,http://web.archive.org/web/20240605171721if_/https://healthyprotocols.com/,,,,,,,,,,,,,,,,,,,,,,,,,,,,,,,,,,,
,,,,,,,,,,,http://web.archive.org/web/20241010094422if_/http://healthyprotocols.com/,,,,,,,,,,,,,,,,,,,,,,,,,,,,,,,,,,,
,,,,,,,,,,,http://web.archive.org/web/20250318143142if_/http://healthyprotocols.com/,,,,,,,,,,,,,,,,,,,,,,,,,,,,,,,,,,,
,,,,,,,,,,,,,,,,,,,,,,,,,,,,,,,,,,,,,,,,,,,,,,
kindrace.com,spam,â€“,SNAPSHOT <http://web.archive.org/web/20230717035913if_/https://kindrace.com/> TEXT : Badword [poker] in (untungkan bagi semua member agen slot mesin terpercaya. Selain slot online resmi ada taruhan bola poker online dan live casino. Pemain dapat menikmati memilih game sesuai dengan preferensi dan kete),4,4,0,35,uk,Kind Race 120,https://bit.ly/3pfqz3b,http://web.archive.org/web/20211222125138if_/https://kindrace.com/,35,16,291,2601,50,50,29,12,1516456,1168,1513187,1226,321,64,1516388,1516452,8,263,0,237,14,16,671,390,41,107,68,0,0,Yes,English Indonesian Ukrainian Russian,Home/Personal Finance,Shopping/Visual Arts,Business/Investing,2021: Ukrainian
,,,,,,,,en,CUANBET88: Situs Slot Server Thailand Terlengkap & Terpercaya di Indonesia,situs judi slot online,http://web.archive.org/web/20230717035913if_/https://kindrace.com/,,,,,,,,,,,,,,,,,,,,,,,,,,,,,,,,,,,2023: 
,,,,,,,,,,dewaslot88,,,,,,,,,,,,,,,,,,,,,,,,,,,,,,,,,,,,
,,,,,,,,,,slot gacor admin jarwo,,,,,,,,,,,,,,,,,,,,,,,,,,,,,,,,,,,,
,,,,,,,,,,bocoran admin jarwo,,,,,,,,,,,,,,,,,,,,,,,,,,,,,,,,,,,,
,,,,,,,,,,daftar judi slot gacor 2023 terpercaya,,,,,,,,,,,,,,,,,,,,,,,,,,,,,,,,,,,,
,,,,,,,,,,slot gacor terpercaya,,,,,,,,,,,,,,,,,,,,,,,,,,,,,,,,,,,,
,,,,,,,,,,slot online,,,,,,,,,,,,,,,,,,,,,,,,,,,,,,,,,,,,
,,,,,,,,,,slot88,,,,,,,,,,,,,,,,,,,,,,,,,,,,,,,,,,,,
,,,,,,,,,,situs judi raja slot 777 terpercaya,,,,,,,,,,,,,,,,,,,,,,,,,,,,,,,,,,,,
,,,,,,,,,,,,,,,,,,,,,,,,,,,,,,,,,,,,,,,,,,,,,,
airtract.com,spam,â€“,SNAPSHOT <http://web.archive.org/web/20201211003521if_/https://www.airtract.com/> TEXT : Badword [19 Buy Now] in (00 (2) Absolutely Free Enrol Now 3 hrs 51.24 mins LEED BD+C Online Course 5.00 (1) 80.81 % off $99 $19 Buy Now 1 hrs 12.44 mins Security Management for Cannabis Facilities 4.00 (1) 95.25 % off $400 $1),7,9,0,15,en,,go now,http://web.archive.org/web/20161012224626if_/http://www.airtract.com/,15,68,0,1756,50,243,50,0,29982,1372,15749,885,713,26581,3390,29975,790,17144,1,23398,14,26,2660,427,620,334,277,0,2,No,English Thai Japanese Spanish/Castilian German,Reference/Education,Society/Religion and Spirituality,Society/Subcultures,2016: 
,,,,,,,,,Airtract - Home,the original,http://web.archive.org/web/20170610020043if_/http://airtract.com/,,,,,,,,,,,,,,,,,,,,,,,,,,,,,,,,,,,2017: 
,,,,,,,,,Home | AirTract,airtract.com,http://web.archive.org/web/20181120030620if_/http://www.airtract.com/,,,,,,,,,,,,,,,,,,,,,,,,,,,,,,,,,,,2018: English
,,,,,,,,,AirTract - a go-to place for all expert advice.,https://www.airtract.com/question/weed-seeds-access-to-legal-and-safe-cannabis,http://web.archive.org/web/20190405141733if_/https://www.airtract.com/,,,,,,,,,,,,,,,,,,,,,,,,,,,,,,,,,,,2019: English
,,,,,,,,,,airtract,http://web.archive.org/web/20200408035447if_/https://www.airtract.com/,,,,,,,,,,,,,,,,,,,,,,,,,,,,,,,,,,,2020: English
,,,,,,,,,,https://www.airtract.com/article/top-7-online-business-ideas-for-2020-8840989932,http://web.archive.org/web/20201211003521if_/https://www.airtract.com/,,,,,,,,,,,,,,,,,,,,,,,,,,,,,,,,,,,2021: 
,,,,,,,,,,https://www.airtract.com/question/which-company-provides-the-best-solutions-for-vehicle-tracking-/2539,http://web.archive.org/web/20210422120558if_/https://www.airtract.com/,,,,,,,,,,,,,,,,,,,,,,,,,,,,,,,,,,,2022: English
,,,,,,,,,,backlink for seo,http://web.archive.org/web/20210917134225if_/https://www.airtract.com/,,,,,,,,,,,,,,,,,,,,,,,,,,,,,,,,,,,2025: 
,,,,,,,,,,https://www.airtract.com/question/how-do-e-commerce-companies-offer-great-discounts-on-branded-products/2540,http://web.archive.org/web/20220419050238if_/https://www.airtract.com/,,,,,,,,,,,,,,,,,,,,,,,,,,,,,,,,,,,
,,,,,,,,,,,http://web.archive.org/web/20220905103826if_/https://www.airtract.com/,,,,,,,,,,,,,,,,,,,,,,,,,,,,,,,,,,,
,,,,,,,,,,,http://web.archive.org/web/20250421015221if_/http://www.airtract.com/,,,,,,,,,,,,,,,,,,,,,,,,,,,,,,,,,,,
,,,,,,,,,,,,,,,,,,,,,,,,,,,,,,,,,,,,,,,,,,,,,,
mygoldrushtales.com,spam,â€“,SNAPSHOT <http://web.archive.org/web/20191216222036if_/http://mygoldrushtales.com:80/> TEXT : Badword [sex] in (dBurner Recent Comments agen depobola indonesia on Steamship service to gold rush California begins sex on The vigilantes banish their last man Peter Stines on Steamship service to gold rush Californi),14,14,0,23,en,My Gold Rush Tales by John Putnam,http://mygoldrushtales.com/early-gold-rush-fortunes-by-the-mokelumne-river/,http://web.archive.org/web/20110902042153if_/http://mygoldrushtales.com:80/,23,148,1353,8574,104,264,14,13,1215,232,807,216,193,319,875,1194,165,11448,1,5,9,20,587,319,2075,138,99,0,0,No,English German,Reference/Museums,Home/Family,,2011: English
,,,,,,,,,,john putnam,http://web.archive.org/web/20120211031239if_/http://mygoldrushtales.com:80/,,,,,,,,,,,,,,,,,,,,,,,,,,,,,,,,,,,2012: English
,,,,,,,,,My Gold Rush Tales,\the california steam navigation company\,http://web.archive.org/web/20130109023909if_/http://mygoldrushtales.com:80/,,,,,,,,,,,,,,,,,,,,,,,,,,,,,,,,,,,2013: English
,,,,,,,,,,the official report that sparked the gold rush,http://web.archive.org/web/20130510232826if_/http://mygoldrushtales.com:80/,,,,,,,,,,,,,,,,,,,,,,,,,,,,,,,,,,,2014: English
,,,,,,,,,,mygoldrushtales,http://web.archive.org/web/20130917160059if_/http://www.mygoldrushtales.com/,,,,,,,,,,,,,,,,,,,,,,,,,,,,,,,,,,,2015: English
,,,,,,,,,,\gold rush fortunes by the mokelumne river | my gold rush tales\,http://web.archive.org/web/20140517164901if_/http://mygoldrushtales.com/,,,,,,,,,,,,,,,,,,,,,,,,,,,,,,,,,,,2016: English
,,,,,,,,,,\crazy judah and california's first railroad\,http://web.archive.org/web/20141218020703if_/http://mygoldrushtales.com/,,,,,,,,,,,,,,,,,,,,,,,,,,,,,,,,,,,2017: English
,,,,,,,,,,mygoldrushtales.com,http://web.archive.org/web/20150801195801if_/http://mygoldrushtales.com/,,,,,,,,,,,,,,,,,,,,,,,,,,,,,,,,,,,2018: English
,,,,,,,,,,my gold rush tales,http://web.archive.org/web/20160110192724if_/http://mygoldrushtales.com/,,,,,,,,,,,,,,,,,,,,,,,,,,,,,,,,,,,2019: 
,,,,,,,,,,,http://web.archive.org/web/20170831041045if_/http://mygoldrushtales.com/,,,,,,,,,,,,,,,,,,,,,,,,,,,,,,,,,,,2020: 
,,,,,,,,,,,http://web.archive.org/web/20180329193801if_/http://mygoldrushtales.com/,,,,,,,,,,,,,,,,,,,,,,,,,,,,,,,,,,,2021: English
,,,,,,,,,,,http://web.archive.org/web/20181022010854if_/http://mygoldrushtales.com:80/,,,,,,,,,,,,,,,,,,,,,,,,,,,,,,,,,,,2022: English
,,,,,,,,,,,http://web.archive.org/web/20191216222036if_/http://mygoldrushtales.com:80/,,,,,,,,,,,,,,,,,,,,,,,,,,,,,,,,,,,2023: English
,,,,,,,,,,,http://web.archive.org/web/20200807091255if_/http://mygoldrushtales.com/,,,,,,,,,,,,,,,,,,,,,,,,,,,,,,,,,,,2024: English
,,,,,,,,,,,http://web.archive.org/web/20210124023430if_/http://mygoldrushtales.com/,,,,,,,,,,,,,,,,,,,,,,,,,,,,,,,,,,,
,,,,,,,,,,,http://web.archive.org/web/20210617195115if_/https://mygoldrushtales.com/,,,,,,,,,,,,,,,,,,,,,,,,,,,,,,,,,,,
,,,,,,,,,,,http://web.archive.org/web/20220123221337if_/http://mygoldrushtales.com/,,,,,,,,,,,,,,,,,,,,,,,,,,,,,,,,,,,
,,,,,,,,,,,http://web.archive.org/web/20220813145515if_/https://mygoldrushtales.com/,,,,,,,,,,,,,,,,,,,,,,,,,,,,,,,,,,,
,,,,,,,,,,,http://web.archive.org/web/20230115021326if_/https://mygoldrushtales.com/,,,,,,,,,,,,,,,,,,,,,,,,,,,,,,,,,,,
,,,,,,,,,,,http://web.archive.org/web/20231003100501if_/https://mygoldrushtales.com/,,,,,,,,,,,,,,,,,,,,,,,,,,,,,,,,,,,
,,,,,,,,,,,http://web.archive.org/web/20240423153658if_/https://mygoldrushtales.com/,,,,,,,,,,,,,,,,,,,,,,,,,,,,,,,,,,,
,,,,,,,,,,,http://web.archive.org/web/20241113075730if_/https://mygoldrushtales.com/,,,,,,,,,,,,,,,,,,,,,,,,,,,,,,,,,,,
,,,,,,,,,,,,,,,,,,,,,,,,,,,,,,,,,,,,,,,,,,,,,,
bradgym.com,spam,â€“,SNAPSHOT <http://web.archive.org/web/20241202174031if_/https://bradgym.com/> TEXT : Badword [Casino] in (bradgym.com - Skip to content bradgym.com Menu Menu Ð Ð¾ÐºÑ ÐšÐ°Ð·Ð¸Ð½Ð¾ (Rox Casino) âš¡ Ð¾Ñ„Ð¸Ñ†Ð¸Ð°Ð»ÑŒÐ½Ñ‹Ð¹ ÑÐ°Ð¹Ñ‚ Ð¸Ð³Ñ€Ð°Ñ‚ÑŒ Ð¾Ð½Ð»Ð°Ð¹Ð½: Ð²Ñ…Ð¾Ð´ Ð·ÐµÑ€ÐºÐ°Ð»Ð¾ 2 September 20242 September 2024 by shortpub),3,5,0,1,en,,https://bradgym.com/best-weight-sleds/,http://web.archive.org/web/20200102151252if_/http://bradgym.com/,1,14,0,799,50,50,11,11,559,158,551,155,146,59,500,559,1,437,0,3,14,15,123,52,49,50,50,0,0,No,English French Spanish/Castilian Hungarian Russian,Shopping/Visual Arts,Business,Arts/People,2020: 
,,,,,,,,,bradgym.com -,https://bradgym.com/best-barbell/,http://web.archive.org/web/20230926030953if_/https://bradgym.com/,,,,,,,,,,,,,,,,,,,,,,,,,,,,,,,,,,,2023: English
,,,,,,,,,,best trx suspension trainer,http://web.archive.org/web/20240223205440if_/https://bradgym.com/,,,,,,,,,,,,,,,,,,,,,,,,,,,,,,,,,,,2024: English
,,,,,,,,,,https://bradgym.com/best-agility-ladder/,http://web.archive.org/web/20240713042915if_/https://bradgym.com/,,,,,,,,,,,,,,,,,,,,,,,,,,,,,,,,,,,
,,,,,,,,,,best decline bench,http://web.archive.org/web/20241202174031if_/https://bradgym.com/,,,,,,,,,,,,,,,,,,,,,,,,,,,,,,,,,,,
,,,,,,,,,,https://bradgym.com/best-battle-ropes/,,,,,,,,,,,,,,,,,,,,,,,,,,,,,,,,,,,,
,,,,,,,,,,https://bradgym.com/best-leg-press-machine/,,,,,,,,,,,,,,,,,,,,,,,,,,,,,,,,,,,,
,,,,,,,,,,bradgym.com,,,,,,,,,,,,,,,,,,,,,,,,,,,,,,,,,,,,
,,,,,,,,,,brad gym,,,,,,,,,,,,,,,,,,,,,,,,,,,,,,,,,,,,
,,,,,,,,,,https://bradgym.com/,,,,,,,,,,,,,,,,,,,,,,,,,,,,,,,,,,,,
,,,,,,,,,,,,,,,,,,,,,,,,,,,,,,,,,,,,,,,,,,,,,,
bsolid.org,spam,â€“,Insufficient archive.org history available,3,3,0,0,en,,announced,,13,1,10000000000,-1,10000000000,-1,11,5,148,66,130,70,62,24,123,147,0,0,0,0,9,13,81,31,8,22,21,0,0,No,English,Business/Agriculture and Forestry,Society/Politics,,
,,,,,,,,,,stand up against,,,,,,,,,,,,,,,,,,,,,,,,,,,,,,,,,,,,
,,,,,,,,,,a statement announcing the strike,,,,,,,,,,,,,,,,,,,,,,,,,,,,,,,,,,,,
,,,,,,,,,,statement,,,,,,,,,,,,,,,,,,,,,,,,,,,,,,,,,,,,
,,,,,,,,,,may 1 strike,,,,,,,,,,,,,,,,,,,,,,,,,,,,,,,,,,,,
,,,,,,,,,,achieve highest ranking and beat your competitors check results first pay laterâ€”guaranteed success with â€“ seo and link building services agency,,,,,,,,,,,,,,,,,,,,,,,,,,,,,,,,,,,,
,,,,,,,,,,+,,,,,,,,,,,,,,,,,,,,,,,,,,,,,,,,,,,,
,,,,,,,,,,bsolid.org,,,,,,,,,,,,,,,,,,,,,,,,,,,,,,,,,,,,
,,,,,,,,,,#may1strike,,,,,,,,,,,,,,,,,,,,,,,,,,,,,,,,,,,,
,,,,,,,,,,#may1strike - solid,,,,,,,,,,,,,,,,,,,,,,,,,,,,,,,,,,,,
,,,,,,,,,,,,,,,,,,,,,,,,,,,,,,,,,,,,,,,,,,,,,,