Source url,Source title,Response code,Backlinks,Domains,External links,Internal links,Last seen
http://www.mobjectify.com/,,200,175,72,0,0,2025-05-16
https://mobjectify.com/,,200,223,53,0,0,2025-05-08
http://www.mobjectify.com/edit/,,200,26,11,0,0,2025-05-14
http://www.mobjectify.com/tutorials/HTML_5_mobile_web_app_from_start_to_finish/,,200,7,6,0,0,2025-05-16
http://mobjectify.com/,,200,6,5,0,0,2025-05-16
http://www.mobjectify.com/tutorials/supercharge_your_jquery_mobile_theme/,Supercharge your jQuery Mobile theme,200,7,5,7,4,2017-10-05
http://www.mobjectify.com/resources/Glossify_theme_for_jquery_mobile/,,200,1,1,0,0,2025-05-24
http://static.mobjectify.com/static/resources/glossify/glossify_preview.html,Origin DNS error | static.mobjectify.com | Cloudflare,530,0,0,2,0,2018-07-18
http://static.mobjectify.com/static/tutorials/hnnotifier/hnnotifier_cmd.html,,200,0,0,3,0,2017-09-28
http://static.mobjectify.com/static/tutorials/hnnotifier/hnnotifier_parsed.html,Origin DNS error | static.mobjectify.com | Cloudflare,530,0,0,2,0,2018-07-23
http://static.mobjectify.com/static/tutorials/hnnotifier/hnnotifier_ready.html,Origin DNS error | static.mobjectify.com | Cloudflare,530,0,0,2,0,2018-08-02
http://static.mobjectify.com/static/tutorials/mobjectifit/mobjectifit.html,Origin DNS error | static.mobjectify.com | Cloudflare,530,0,0,2,0,2018-08-16
http://static.mobjectify.com/static/tutorials/mobjectifit/mobjectifit_mockup1.html,Origin DNS error | static.mobjectify.com | Cloudflare,530,0,0,2,0,2018-08-19
http://static.mobjectify.com/static/tutorials/ntd/ntd.html,CNAME Cross-User Banned | Cloudflare,403,0,0,0,0,2024-04-04
http://static.mobjectify.com/static/tutorials/ntd/ntd_mockup1.html,CNAME Cross-User Banned | Cloudflare,403,0,0,0,0,2024-04-03
http://static.mobjectify.com/static/tutorials/ntd/ntd_mockup2.html,CNAME Cross-User Banned | Cloudflare,403,0,0,0,0,2024-04-04
http://www.mobjectify.com/edit,mobjectify - Mockups and more for the mobile web,200,0,0,2,8,2017-09-21
http://www.mobjectify.com/privacy,Privacy policy,200,0,0,8,0,2016-10-11
http://www.mobjectify.com/privacy/,Privacy policy,200,0,0,8,0,2017-09-30
http://www.mobjectify.com/resources/Glossify_theme_for_jquery_mobile,Glossify - Glossy remix of the jQuery Mobile default theme,200,0,0,3,11,2017-09-30
http://www.mobjectify.com/support,mobjectify - Mockups and more for the mobile web,200,0,0,1,7,2017-10-05
http://www.mobjectify.com/support/,mobjectify - Mockups and more for the mobile web,200,0,0,1,7,2017-09-30
http://www.mobjectify.com/terms,Terms of Service,200,0,0,2,1,2017-09-30
http://www.mobjectify.com/terms/,Terms of Service,200,0,0,2,1,2017-10-05
http://www.mobjectify.com/tutorials/Easy_HTML_mobile_fitness_app/,Easy HTML mobile fitness app,200,0,0,4,12,2017-09-30
http://www.mobjectify.com/tutorials/HNNotifier_Native_HTML_app_for_mac_osx/,HN-Notifier - Native HTML app for Mac OSX,200,0,0,9,17,2017-10-05
http://www.mobjectify.com/tutorials/HTML_5_mobile_web_app_from_start_to_finish,HTML 5 mobile web app from start to finish,200,0,0,4,16,2017-09-26
http://www.mobjectify.com/tutorials/supercharge_your_jquery_mobile_theme,Supercharge your jQuery Mobile theme,200,0,0,7,4,2017-09-21
http://www.mobjectify.com/tutorials/supercharge_your_jquery_mobile_theme_slides/,Supercharge your jQuery Mobile theme,200,0,0,2,2,2017-10-05
