Name,Expiry,Suitability,Column1
express-domains.com,13/06/2025,1,
leemannphotography.com,1/06/2025,1,
crawforddirect.com,2/06/2025,1,
sarsreference.com,10/06/2025,1,
fastfoodmarketing.org,4/06/2025,1,
tidyfavorites.com,5/06/2025,,
a4deskpro.com,6/06/2025,1,
sunshineingovernment.org,31/05/2025,,
tequilasource.com,31/05/2025,1,
etowndegrees.com,31/05/2025,,
swcolotravel.org,7/06/2025,1,
zawinulmusic.com,2/06/2025,1,
universal-tao-eproducts.com,1/06/2025,1,
csi-trigger.com,31/05/2025,,
villageofdane.org,31/05/2025,1,
zipgenius.com,31/05/2025,,
kanjizone.com,18/06/2025,1,
pcballoonadventures.com,2/06/2025,1,
pptmagic.com,4/06/2025,,
startupjunkies.org,6/06/2025,1,
skigermany.com,5/06/2025,1,
midsouthpeace.org,9/06/2025,,
friendsofefrat.org,8/06/2025,1,
clicknkids.com,31/05/2025,,
fudoshinkan.org,31/05/2025,1,
adamispharmaceuticals.com,1/06/2025,1,
otorosushi.com,1/06/2025,1,
solargardens.org,2/06/2025,,
sharepoint-tips.com,20/06/2025,,
iconverticons.com,11/06/2025,,
genevawritersgroup.org,6/06/2025,1,
londonelektricity.com,4/06/2025,1,
bricolagecms.org,4/06/2025,1,
manishtana.net,5/06/2025,1,
achefshelp.com,7/06/2025,,
armorysq.org,4/06/2025,1,
sandanskibg.com,4/06/2025,1,
memoriesoffinland.com,4/06/2025,,
shoptheforum.com,4/06/2025,1,
anaheimplazahotel.com,8/06/2025,1,
cerealfacts.org,4/06/2025,1,
sem-group.net,9/06/2025,,
laterbro.com,5/06/2025,,
hotshotscalendar.com,5/06/2025,,
sciflies.org,1/06/2025,,
qmrta.net,31/05/2025,,
alexandertech.org,31/05/2025,,
bondstreetsocial.com,31/05/2025,1,
andydalton.org,1/06/2025,1,
diaper-sizes.org,1/06/2025,1,
osians.com,3/06/2025,,
rteforumindia.org,10/06/2025,1,
homesteadseattle.com,10/06/2025,1,
gopherp.com,2/06/2025,1,
stephenbarrett.com,6/06/2025,1,
brocktonma.com,5/06/2025,1,
wheelspincycles.com,6/06/2025,1,
thefirehousespace.org,8/06/2025,,
foreveryogurt.com,8/06/2025,1,
funny-potato.com,7/06/2025,,
assistedsuicide.org,8/06/2025,1,
civicresource.com,7/06/2025,,
baguettebox.com,3/06/2025,1,
riverpast.com,7/06/2025,,
palmbeachletter.com,31/05/2025,,
judgemoye.com,31/05/2025,,
tinderdoneforyou.com,6/06/2025,1,
jldesignsandevents.com,6/06/2025,1,
healthkeepers.net,1/06/2025,,
maxwellroom.com,1/06/2025,,
pittsborofarmersmarket.org,2/06/2025,1,
fincavistahermosa.com,3/06/2025,1,
emproshunts.com,1/06/2025,1,
agingsocietynetwork.org,3/06/2025,,
rabbihorowitz.com,2/06/2025,1,
somethingedible.com,5/06/2025,,
thecaptainscorner.com,6/06/2025,,
asburybiergarten.com,6/06/2025,1,
mobjectify.com,5/06/2025,,
bayofconnections.com,4/06/2025,,
madriverfoodhub.com,3/06/2025,1,
calicheroadcontractors.com,6/06/2025,1,
theprepschoolnegro.org,9/06/2025,1,
emcia.org,5/06/2025,,
facialwasting.org,9/06/2025,,
otsys.com,5/06/2025,,
digital-activism.org,22/06/2025,,
tuningbaghdad.net,3/06/2025,1,
powerpacplus.org,3/06/2025,,
alfonsoalmendros.com,3/06/2025,1,
winecoastcountry.com,5/06/2025,1,
omvino.com,31/05/2025,1,
action2015.org,2/06/2025,1,
laurenpeelephotography.com,1/06/2025,1,
meifong.org,2/06/2025,1,
oneeightdistilling.com,2/06/2025,,
gettingtoknowcancer.org,3/06/2025,1,
bluedustpgh.com,31/05/2025,1,
ouraynet.com,31/05/2025,,
aftertheharvestkc.org,9/06/2025,,
vgsummit.com,9/06/2025,,
vrecpa.com,2/06/2025,1,
smallprojectsistanbul.org,5/06/2025,1,
milesovermountains.com,6/06/2025,,
klabarchitects.com,4/06/2025,1,
virungapower.com,7/06/2025,1,
religionconflictpeace.org,5/06/2025,1,
arch-ware.org,4/06/2025,1,
briardrescue.com,4/06/2025,,
vaceda.org,5/06/2025,,
kid-surf.com,3/06/2025,1,
originsunknown.org,31/05/2025,,
simforus.com,2/06/2025,1,
engineeringarticles.org,2/06/2025,1,
mattgreer.org,2/06/2025,1,
al3abhospital.com,4/06/2025,1,
muckross-stables.com,31/05/2025,1,
limitengineering.com,31/05/2025,,
vintageairrally.com,1/06/2025,1,
halifaxalehouse.com,1/06/2025,1,
garystacklebox.com,1/06/2025,1,
alchemybistroandwinebar.com,1/06/2025,1,
greatamericacommittee.com,1/06/2025,1,
billandthebelles.com,2/06/2025,1,
peacesciencedigest.org,1/06/2025,,
jekyllnow.com,2/06/2025,1,
radiantsolartech.com,2/06/2025,1,
blimmigration.com,2/06/2025,1,
kismetdao.com,2/06/2025,1,
aglimmerofhopeaustin.org,3/06/2025,1,
buriedmirror.com,7/06/2025,,
yukondiver.com,4/06/2025,1,
newmexicoaudubon.org,4/06/2025,1,
ghines.com,6/06/2025,1,
kidsafeseafood.org,7/06/2025,1,
healthywaterbury.org,7/06/2025,,
naresearchpartnership.org,9/06/2025,1,
terravesco.com,7/06/2025,1,
thinkersmith.org,9/06/2025,,
taylormorris.org,9/06/2025,1,
tonictavern.com,5/06/2025,1,
forgottenkingdomthemovie.com,8/06/2025,1,
khaosanby.com,7/06/2025,1,
gmanindustries.com,4/06/2025,1,
kiltshop.com,6/06/2025,1,
rennaihoefer.com,6/06/2025,1,
overtownbrew.com,6/06/2025,1,
monotonix.com,23/06/2025,1,
ozioma.net,31/05/2025,1,
thelittlerockclub.com,1/06/2025,1,
cometanetworks.com,1/06/2025,,
southcoorissa.com,3/06/2025,1,
guillermoamaral.com,3/06/2025,1,
garmentworkeract.org,14/06/2025,1,
baoziinnlondon.com,31/05/2025,1,
davidwrighthouse.org,31/05/2025,1,
dhcuration.org,7/06/2025,,
activategames.org,15/06/2025,1,
buffalogrovechamber.org,2/06/2025,1,
workchew.com,1/06/2025,,
silverscreenbottling.com,1/06/2025,1,
pkdandroid.org,1/06/2025,1,
oldtownbusiness.org,3/06/2025,,
davidchandler.org,1/06/2025,1,
fletcherhanks.com,2/06/2025,1,
ocjunglebar.com,5/06/2025,1,
capitolhillclub.com,5/06/2025,1,
education-coup-de-fil.com,6/06/2025,1,
eatbeastandbounty.com,6/06/2025,1,
amecblackandmcdonald.com,4/06/2025,1,
oldtownchinatown.net,4/06/2025,1,
bensmaialab.org,4/06/2025,1,
nuttinbuttercookies.com,6/06/2025,1,
casalomaminca.com,6/06/2025,1,
youtoocancook.net,3/06/2025,,
evelynclarkweddings.com,6/06/2025,1,
furnish123quadcities.com,8/06/2025,1,
dmacsbarandgrill.com,8/06/2025,1,
evolutionpsychology.com,4/06/2025,,
infiniteio.com,5/06/2025,,
discoveringdowsing.com,6/06/2025,1,
missworcesterdiner.com,5/06/2025,1,
kinonasport.com,3/06/2025,1,
globaldogbreeds.com,8/06/2025,1,
gocsudefenders.com,7/06/2025,1,
randomiban.com,8/06/2025,1,
gainesvillesbest.com,6/06/2025,1,
mixwellness.com,2/06/2025,,
hpv2017.org,1/06/2025,1,
checkpointedinburgh.com,31/05/2025,1,
vaibc.org,1/06/2025,1,
aeriseurope.com,31/05/2025,1,
blakeshawhomes.com,31/05/2025,1,
most-fit.com,31/05/2025,,
greatwinesbytheglass.com,7/06/2025,1,
ellelauri.com,2/06/2025,1,
savethebomberplant.org,2/06/2025,,
gcgrr.org,8/06/2025,1,
lllcoloradowyoming.org,1/06/2025,1,
shawnmendesthetour.com,2/06/2025,1,
andysdenton.com,3/06/2025,1,
rootshtx.com,31/05/2025,1,
terramovement.com,9/06/2025,1,
biocellection.com,10/06/2025,,
bamfi.com,2/06/2025,1,
dynamicsofvirtualwork.com,2/06/2025,,
jamrockrestaurant.com,2/06/2025,1,
nycacre.com,2/06/2025,1,
leddingroup.com,2/06/2025,1,
lapq.org,3/06/2025,,
healthpolicyinitiative.com,12/06/2025,1,
r6stats.com,12/06/2025,1,
anikainlondon.com,7/06/2025,1,
onerunforboston.org,5/06/2025,1,
orthopedic-institute.org,7/06/2025,1,
nicoslivesey.com,4/06/2025,1,
sipence.com,7/06/2025,1,
varsag.com,8/06/2025,1,
gamarc.org,7/06/2025,1,
boddieforga.com,3/06/2025,1,
millionlivesclub.org,7/06/2025,,
artcullen.com,7/06/2025,1,
madametutliputli.com,13/06/2025,1,
smartherd.com,4/06/2025,,
ericslapatisserie.com,31/05/2025,1,
scoutblythewood.com,31/05/2025,1,
aquatechplumbing.com,1/06/2025,1,
prequelsstrikeback.com,8/06/2025,1,
paintbyconran.com,8/06/2025,1,
microgrid-solar.com,8/06/2025,1,
icar2023.org,1/06/2025,1,
jetromartinez.com,2/06/2025,1,
youngwoodworkers.com,3/06/2025,1,
ancosanvcc.com,31/05/2025,1,
zerolevelfitness.com,31/05/2025,,
sauceitalianmarket.com,31/05/2025,1,
fourstacksbrewing.com,9/06/2025,1,
familylifeedu.org,3/06/2025,,
tasteedineravl.com,1/06/2025,1,
coderstats.net,11/06/2025,1,
budgetwayfarers.com,4/06/2025,1,
kinshipbeer.com,4/06/2025,1,
runwithmaud.com,5/06/2025,,
deence.com,6/06/2025,1,
acceleratinght.org,7/06/2025,,
paseogateway.com,7/06/2025,,
countrybarnbabe.com,4/06/2025,1,
n5rd.org,6/06/2025,1,
bentonhighschool.com,6/06/2025,1,
aqxsports.com,7/06/2025,1,
audioglorye.com,6/06/2025,,
kinfolksbbqma.com,5/06/2025,1,
ihcglobal.org,7/06/2025,1,
rnapartners.com,4/06/2025,,
feedmagnet.com,31/05/2025,,
theeastbayreview.com,1/06/2025,1,
contractoradvisorly.com,3/06/2025,1,
barbecuepals.com,5/06/2025,1,
cincymap.org,6/06/2025,1,
leethalknits.com,31/05/2025,1,
dream40.org,1/06/2025,1,
sandiegobrewfest.com,31/05/2025,1,
wrappedinfoil.com,6/06/2025,1,
littleblueheroninn.com,16/06/2025,1,
skatingevents.net,15/06/2025,1,
1mtb.com,1/06/2025,1,
saignite.com,1/06/2025,1,
loftondenman.com,1/06/2025,1,
baravai-anfiteatro.com,1/06/2025,1,
madisonherps.org,3/06/2025,1,
coffeesesh.com,9/06/2025,1,
fitnesscrab.com,9/06/2025,,
spotii.com,2/06/2025,1,
formykidsonline.com,12/06/2025,1,
shujiaony.com,12/06/2025,1,
carteblanchedallas.com,6/06/2025,,
beerthugbrew.com,7/06/2025,1,
getmyhealthdata.org,4/06/2025,,
thebenefitsofgusbandry.com,4/06/2025,1,
chezconversations.com,6/06/2025,1,
codingbee.net,8/06/2025,1,
raquelsofia.com,3/06/2025,1,
orisintel.com,7/06/2025,,
thechefandthebaker.com,4/06/2025,1,
coffeecrossroads.com,6/06/2025,1,
goldenthymeonselby.com,4/06/2025,1,
theplayhousesa.org,7/06/2025,1,
capitolgrillenashville.com,4/06/2025,1,
piedmontorthocomplex.com,7/06/2025,1,
fixpatents.org,7/06/2025,,
heretohere.org,7/06/2025,,
axcellahealth.com,8/06/2025,,
ppspublishers.com,22/06/2025,,
coderit.org,1/06/2025,1,
mombasa-city.com,3/06/2025,1,
wristtattoopictures.com,12/06/2025,1,
dogsquiz.com,4/06/2025,1,
5thguy.com,4/06/2025,1,
postcastserver.com,5/06/2025,1,
fortressnetworkllc.com,31/05/2025,1,
pawmenow.com,7/06/2025,1,
fourelle.com,1/06/2025,1,
subexile.org,2/06/2025,1,
techsolutionmaster.com,3/06/2025,,
easeus-photorecovery.com,31/05/2025,1,
ventureoutstartups.com,31/05/2025,,
healthcarerevolutionnow.com,9/06/2025,,
peaceforpits.org,3/06/2025,,
clouddatascience.org,3/06/2025,1,
howwidelyspoken.com,2/06/2025,,
techbikers.com,12/06/2025,1,
covid19ml.org,7/06/2025,1,
werkartz.com,4/06/2025,1,
chickabiddyatl.com,4/06/2025,1,
secretsinplainsight.com,8/06/2025,,
anstedwv.com,4/06/2025,1,
beahfound.org,7/06/2025,1,
huntingretrieverclub.org,9/06/2025,1,
cartoyzofhavasu.com,8/06/2025,1,
wygolf.org,6/06/2025,1,
bearsinn.com,3/06/2025,,
boost24.org,4/06/2025,1,
unlockmichigan.com,6/06/2025,1,
yervana.com,3/06/2025,1,
puntacabras.com,7/06/2025,1,
diaryofasocalmama.com,4/06/2025,,
moneybloodandconscience.com,3/06/2025,1,
toolshedstore.com,13/06/2025,1,
sixcounty.com,31/05/2025,1,
stacklima.com,31/05/2025,1,
apacrs2023.org,1/06/2025,1,
herramientas-para.com,6/06/2025,1,
bielite.com,1/06/2025,,
ppafoundation.org,2/06/2025,,
wedubaionline.com,1/06/2025,1,
akendragreene.com,1/06/2025,1,
bijouterie-chretienne.com,2/06/2025,1,
plnylala.com,31/05/2025,1,
m1garandtraining.com,19/06/2025,1,
pandaset.org,4/06/2025,,
maryamturkey.com,7/06/2025,1,
sunfollower.net,7/06/2025,,
finedinersover40.com,5/06/2025,1,
newwayleasingandrentals.com,4/06/2025,1,
fightfor15homecare.org,7/06/2025,1,
e2banytime.com,6/06/2025,1,
questequinewelfare.org,5/06/2025,1,
dovebof.org,4/06/2025,1,
victorianbazaar.com,6/06/2025,1,
livinginegypt.org,8/06/2025,1,
australianforex.org,8/06/2025,1,
rcommunications.com,8/06/2025,,
ruay95.com,31/05/2025,1,
awtsport.com,9/06/2025,1,
dmrx.net,1/06/2025,,
bowmanextra.com,10/06/2025,1,
org-ru.com,10/06/2025,,
sturdevantstudio.com,4/06/2025,1,
castlesinclairgirnigoe.org,31/05/2025,1,
nicepaintings.org,31/05/2025,1,
nanoisrael.org,31/05/2025,1,
apprente.com,6/06/2025,1,
interoccupy.net,6/06/2025,,
switchvideo.com,1/06/2025,1,
airicapuckettstyle.com,2/06/2025,1,
mohakarafting.com,2/06/2025,1,
transbay.net,1/06/2025,1,
architectsforpeace.org,3/06/2025,,
pancakesandpeacocks.com,3/06/2025,1,
egyptianmuseums.net,19/06/2025,1,
christchurch-sparkill.org,12/06/2025,1,
chriscusick.com,7/06/2025,1,
negotukang.com,5/06/2025,1,
mexicanfoodaustralia.com,6/06/2025,1,
ul-asia.com,5/06/2025,1,
unchartedplay.com,3/06/2025,,
eagleridgebuildings.com,5/06/2025,1,
theglobalsummit.org,8/06/2025,,
oda-alc.org,7/06/2025,1,
creatingitfutures.org,6/06/2025,,
highlands-nyc.com,6/06/2025,1,
smobilesystems.com,8/06/2025,,
roofrepairinsider.com,5/06/2025,1,
dramacollector.com,5/06/2025,,
yorkdesignweek.com,3/06/2025,1,
graybridgevenue.com,3/06/2025,1,
88pianists.com,6/06/2025,1,
clevelandesdc.com,7/06/2025,1,
camelotfantasyresort.com,6/06/2025,1,
freesbmsites.com,31/05/2025,1,
mp3ukr.com,31/05/2025,1,
metrometaldetectors.com,13/06/2025,1,
fastboyfenders.com,9/06/2025,,
genesisdaw.org,2/06/2025,1,
rapidprototypingwithjs.com,4/06/2025,1,
psubuntu.com,13/06/2025,1,
newmicros.com,31/05/2025,1,
asrwwa.org,15/06/2025,1,
123ecommerce.com,31/05/2025,,
airedaledc.com,16/06/2025,1,
mo-pi-co.com,2/06/2025,1,
iaskquestions.com,1/06/2025,,
greatoakmd.com,3/06/2025,1,
mesoamericanherpetology.com,2/06/2025,1,
trynewcoffee.com,2/06/2025,,
geekout-hca.com,2/06/2025,1,
trickywickets.com,3/06/2025,1,
flyinfin.com,3/06/2025,1,
mhtoolkit.com,11/06/2025,1,
chiptimingworld.com,4/06/2025,,
utilityzerowaste.com,5/06/2025,,
thenoma.com,6/06/2025,,
snickerplum.com,4/06/2025,1,
thegrapevinemagazine.com,6/06/2025,1,
forensic-evidence.com,3/06/2025,1,
freemalls.com,5/06/2025,,
jobgraze.com,6/06/2025,,
theconversionlift.com,6/06/2025,,
ywfoundation.com,7/06/2025,,
indieobscura.com,3/06/2025,1,
nichebookmarking.com,31/05/2025,,
vrjunkies.com,13/06/2025,1,
fontchangerguru.com,13/06/2025,1,
gold4vanilla.com,31/05/2025,1,
weddingsatnettlehill.com,1/06/2025,1,
ylpseattlechinesechamber.org,3/06/2025,1,
scopepet.com,3/06/2025,1,
140kit.com,4/06/2025,1,
cuba-film.com,5/06/2025,1,
rocky-road.net,14/06/2025,,
zypr.net,31/05/2025,,
houseofwhiskyscotland.com,7/06/2025,1,
auditfutures.org,15/06/2025,,
the-end-of-oil.com,6/06/2025,,
madphotoanddesign.com,1/06/2025,1,
crossborder-ecommerce.com,17/06/2025,1,
vladimirkudinov.com,1/06/2025,1,
getraddle.com,31/05/2025,,
dripmotion.com,9/06/2025,,
miamiautospa.com,2/06/2025,1,
youthrisetx.org,12/06/2025,1,
iconperk.com,5/06/2025,,
mrvcollective.org,5/06/2025,,
wearedonation.com,7/06/2025,,
heylovedesigns.com,5/06/2025,,
pearlmagnet.org,7/06/2025,1,
myearthgarden.com,8/06/2025,,
clintonjamesphotography.com,5/06/2025,1,
creepybrothers.com,4/06/2025,1,
allthebuzzdc.com,4/06/2025,1,
natashasfoodadventures.com,6/06/2025,,
membersonlyatlanta.com,5/06/2025,1,
shakeamillionhands.com,5/06/2025,,
knowallthe.com,1/06/2025,,
hotfixit.net,1/06/2025,,
maximumsurvival.net,6/06/2025,,
peelmagazine.com,6/06/2025,,
businessstudynotes.com,6/06/2025,,
capiston.com,7/06/2025,,
kmrroof.com,1/06/2025,1,
citizencarepod.com,1/06/2025,,
ocrumstudios.com,2/06/2025,1,
un-gaid.org,2/06/2025,1,
shiva-n.com,31/05/2025,1,
purelydecadent.com,2/06/2025,,
plumbinginformer.com,11/06/2025,1,
venmoappreview.com,11/06/2025,1,
danielcmoura.com,12/06/2025,1,
heritageinvestor.com,4/06/2025,1,
girifoundation.org,6/06/2025,1,
woncaeurope2022.org,6/06/2025,1,
worldendurorally.com,8/06/2025,,
thevitalsapp.com,8/06/2025,,
bulgariaanalytica.org,7/06/2025,1,
unlimitedcloseouts.com,31/05/2025,,
fabxc.org,31/05/2025,,
foodlve.com,4/06/2025,,
churroborough.com,31/05/2025,1,
dchip.org,1/06/2025,,
cugh2019.org,1/06/2025,1,
daoudisamir.com,16/06/2025,1,
resepnastar.com,15/06/2025,1,
neighborland.org,6/06/2025,,
finki-tech.com,2/06/2025,1,
sharpshootersociety.com,8/06/2025,,
dhenubuildconinfra.com,31/05/2025,1,
pinnatta.com,2/06/2025,1,
ares-conf.org,3/06/2025,1,
retrocollegecuts.com,11/06/2025,1,
thorindustriesnv.com,6/06/2025,1,
principledheart.com,3/06/2025,,
viztechie.com,6/06/2025,1,
earlybirdbreakfastclub.com,8/06/2025,,
henryholtchildrensbooks.com,3/06/2025,1,
metaderby.com,5/06/2025,1,
peaceloveworldwide.org,8/06/2025,,
differentwrld.com,6/06/2025,,
wearevirginiaveterans.org,4/06/2025,1,
andersonvillecryotherapy.com,2/06/2025,1,
socialmediabookmarking.com,31/05/2025,,
poppy3d.com,22/06/2025,1,
illinoishomeperformance.org,1/06/2025,1,
hernanvazquez.com,5/06/2025,1,
drawformentalhealth.com,6/06/2025,,
felineoutreach.org,31/05/2025,1,
wuphysicians.org,2/06/2025,1,
simplyplayfulfare.com,8/06/2025,,
fermenterpdx.com,1/06/2025,1,
talkingplanet.net,10/06/2025,,
cosmodontistdental.com,7/06/2025,1,
ironhen.com,8/06/2025,,
dubaicitycompany.com,6/06/2025,1,
anguerde.com,7/06/2025,1,
scrapbuttons.com,2/06/2025,,
homeimprovementbase.com,2/06/2025,,
provolonestudio.com,3/06/2025,1,
jovanlandry.com,1/06/2025,1,
afrogistmedia.com,3/06/2025,1,
rutugandhresort.com,2/06/2025,,
britainlovesbaking.com,5/06/2025,1,
teamup-usjapan.org,5/06/2025,1,
broadwaychurchkc.org,5/06/2025,1,
thedishdaily.com,6/06/2025,,
essentialstuff.org,5/06/2025,,
abnsinaa.com,4/06/2025,1,
recompilegame.com,8/06/2025,,
cervezaguayacan.com,13/06/2025,1,
giftflow.org,31/05/2025,,
joinblockparty.com,3/06/2025,1,
bulknearme.com,7/06/2025,1,
quotenearme.com,7/06/2025,1,
notatravelclub.com,7/06/2025,1,
gorepu.com,6/06/2025,1,
mysolmat.com,3/06/2025,,
thealmondthief.com,31/05/2025,1,
bricsfrombelow.org,31/05/2025,,
craborchardgolfclub.com,20/06/2025,1,
syljohnsonmovie.com,6/06/2025,1,
1ovmany.com,5/06/2025,1,
minidexmods.com,7/06/2025,1,
thegocomputer.com,6/06/2025,,
shengforoakland.com,8/06/2025,1,
offpageservices.com,31/05/2025,,
princegardening.com,13/06/2025,,
licenselinks.com,9/06/2025,1,
spectrumpolicy.org,3/06/2025,,
codeytek.com,3/06/2025,1,
thomaslebrun.net,3/06/2025,1,
475lefilm.org,11/06/2025,1,
redijl.org,31/05/2025,1,
tacklingtinnitus.org,1/06/2025,1,
brightsidestudios.com,31/05/2025,,
ivermectinxsale.com,7/06/2025,1,
e2armory.com,1/06/2025,1,
gfamericans.com,3/06/2025,1,
fastwp.net,11/06/2025,1,
brickyardatmutianyu.com,8/06/2025,1,
seoanalyzersite.com,31/05/2025,1,
columbiacountymeds.com,1/06/2025,1,
hulubinge.com,2/06/2025,1,
junkgator.com,2/06/2025,1,
myavreceiver.com,5/06/2025,1,
viciousoffroad.com,4/06/2025,,
groundedgoodsdesign.com,5/06/2025,,
walterpottertaxidermy.com,7/06/2025,1,
digitalartstar.com,7/06/2025,,
spaceshopcommerce.com,8/06/2025,1,
foundryroom.com,3/06/2025,1,
gsfaccelerator.com,7/06/2025,,
finscorpio.com,7/06/2025,1,
kinarus.com,1/06/2025,1,
torrentsbees.com,5/06/2025,1,
fguvenen.com,3/06/2025,1,
hopperatx.com,5/06/2025,1,
mygardeninsider.com,4/06/2025,,
sarwarpro.com,5/06/2025,1,
andmata.com,4/06/2025,1,
strongertoserve.org,31/05/2025,,
registrarimei.com,16/06/2025,1,
boldandpop.com,8/06/2025,1,
kalistravelguide.com,1/06/2025,1,
washingtondcboxedlunches.com,9/06/2025,1,
pagespineficshowcase.com,8/06/2025,1,
1upsoftware.com,8/06/2025,1,
northernlightexposure.com,6/06/2025,,
byjuslearning.com,4/06/2025,,
microbloggingsites.com,31/05/2025,,
tinymos.com,3/06/2025,,
censorbugbear.org,8/06/2025,1,
technedo.com,8/06/2025,1,
perseverelifestyle.com,31/05/2025,,
vostfree.com,3/06/2025,1,
digitalcinemacafe.com,10/06/2025,1,
antbleed.com,4/06/2025,1,
fishchequamegonbay.com,7/06/2025,1,
createjoyeveryday.com,2/06/2025,,
kurepetfood.com,12/06/2025,1,
usbookviews.com,7/06/2025,1,
thetechnologyworld.org,31/05/2025,,
thepublishingherald.com,8/06/2025,,
liabn.com,31/05/2025,1,
wokaz.com,31/05/2025,1,
medi9.net,1/06/2025,1,
buzzmyhub.com,31/05/2025,,
xflforever.com,31/05/2025,1,
adobeperson.com,31/05/2025,1,
organic-looks.com,31/05/2025,,
goodboyclothes.com,31/05/2025,1,
translationaward.org,31/05/2025,,
dogster-digitalmagazine.com,31/05/2025,1,
telecommsbriefing.net,31/05/2025,1,
pointabout.com,1/06/2025,,
radremedy.org,1/06/2025,1,
hotmessmumsclub.com,1/06/2025,1,
theagencyblog.com,1/06/2025,,
isbrehab.com,1/06/2025,1,
photoretouchhouse.com,1/06/2025,1,
bayareacommunity.org,1/06/2025,,
12iacc.org,9/06/2025,1,
techthanos.com,9/06/2025,1,
quietmike.org,6/06/2025,,
rajasoccer.net,5/06/2025,1,
honista-apks.com,1/06/2025,1,
panthergloves.com,2/06/2025,1,
techymoon.com,2/06/2025,,
cuttingandwitty.com,2/06/2025,,
bapestaofficial.com,2/06/2025,1,
huntnews360.com,2/06/2025,,
claremontconservative.com,2/06/2025,1,
lakenormancitizen.com,2/06/2025,1,
mmsdv.com,2/06/2025,,
littleredbat.net,2/06/2025,1,
8prn.com,2/06/2025,1,
gruagach.net,2/06/2025,1,
mac-pr.org,2/06/2025,1,
bodyshapestyle.com,3/06/2025,,
greendaydxb.com,3/06/2025,,
wishcentral.org,3/06/2025,,
harrypotternamegenerator.net,3/06/2025,1,
mainefoodforthought.com,3/06/2025,1,
sacblues.com,3/06/2025,1,
visatyping.com,11/06/2025,,
bmoharrisbradleycenter.com,10/06/2025,1,
kweekies.com,12/06/2025,1,
raleighbtc.org,12/06/2025,1,
theinfoblog.com,11/06/2025,,
kubrickcollection.com,11/06/2025,1,
vuiphim.net,11/06/2025,1,
zeus-publications.com,11/06/2025,,
lamonitor.com,11/06/2025,1,
grandestagency.com,11/06/2025,1,
8020publishing.com,11/06/2025,1,
livretsante.com,4/06/2025,1,
carmentrutanich.com,4/06/2025,1,
beeafantographer.com,4/06/2025,1,
orlandoepoxyflooring.com,4/06/2025,1,
slciconference.com,13/06/2025,1,
itmarketingbootcamp.com,13/06/2025,1,
kingal.net,4/06/2025,1,
ligagaruda.net,4/06/2025,1,
al3abmonkey.com,4/06/2025,1,
al3abcastle.com,4/06/2025,1,
tianscar.com,13/06/2025,1,
elektronnie-sigareti.com,4/06/2025,1,
al3abmemory.com,4/06/2025,1,
myspiritsphere.com,13/06/2025,,
mymediaproject.org,4/06/2025,,
al3abhobo.com,4/06/2025,1,
al3abredball.com,4/06/2025,1,
al3ablasercannon.com,4/06/2025,1,
al3abtruckloader.com,4/06/2025,1,
cinematecaboliviana.org,14/06/2025,1,
gratitude365app.com,5/06/2025,1,
huomah.com,31/05/2025,,
simplylivandco.com,5/06/2025,,
bikramyogales.com,14/06/2025,1,
caselawnotes.com,5/06/2025,1,
assemhijazi.com,5/06/2025,1,
hushhushsociety.com,5/06/2025,,
thamkannalikham.com,5/06/2025,1,
mvfastferry.com,14/06/2025,1,
healthfoodtip.com,5/06/2025,,
heinrich-kley.com,5/06/2025,1,
moto-champ.net,14/06/2025,1,
staugustine-west14.org,5/06/2025,1,
ls-la.net,5/06/2025,1,
24towservice.com,5/06/2025,1,
filemp3.net,5/06/2025,1,
mountainbikeradio.com,15/06/2025,1,
yasilkart.com,15/06/2025,1,
inspiretrends.com,6/06/2025,,
sabresproshop.com,6/06/2025,1,
vastaveto.com,6/06/2025,1,
0999993.com,6/06/2025,1,
aristo99.com,31/05/2025,1,
yacsocial.com,31/05/2025,1,
pizzabrain.org,31/05/2025,1,
tukwilareporter.com,31/05/2025,1,
ancientsudan.org,31/05/2025,1,
preventingharm.org,31/05/2025,,
keepgreen.org,1/06/2025,,
saynotofoodwaste.org,31/05/2025,,
theindiancenter.org,31/05/2025,1,
wat-thaton.org,1/06/2025,1,
hnhfoundation.org,31/05/2025,1,
bangkokbooks.com,31/05/2025,1,
mission66.com,31/05/2025,1,
crabapplefbc.org,1/06/2025,1,
pilalapark.com,31/05/2025,1,
division55.org,31/05/2025,1,
vektorjunkie.com,31/05/2025,1,
kabayancentral.com,31/05/2025,1,
baipairestaurant.com,31/05/2025,1,
masternearme.com,7/06/2025,1,
vectormill.com,6/06/2025,,
alcheek.com,16/06/2025,,
spjmadison.com,7/06/2025,1,
clarissatossin.net,7/06/2025,1,
scoopbradio.com,7/06/2025,1,
sudantelegraph.com,6/06/2025,1,
wholesalenearme.com,7/06/2025,1,
financialadroit.com,7/06/2025,,
viaggiainsalute.com,15/06/2025,1,
giantdataroom.com,6/06/2025,,
vape4ever.com,15/06/2025,1,
banjesrbije.biz,15/06/2025,1,
meowl.net,16/06/2025,1,
investininfrastructure.org,6/06/2025,,
flintriverarmory.com,15/06/2025,1,
dailymacview.com,15/06/2025,1,
generation-ecologie.com,7/06/2025,,
ophir-energy.com,7/06/2025,1,
russianfuck.net,6/06/2025,1,
cultmovieforums.com,31/05/2025,1,
tentcityurbanism.com,1/06/2025,1,
ahfe2019.org,2/06/2025,1,
fertilitylabinsider.com,1/06/2025,1,
roadkillgoldfish.com,1/06/2025,1,
nohms.com,1/06/2025,1,
bradleypinktomato.com,1/06/2025,1,
mischasplace.com,1/06/2025,1,
siberescue.com,1/06/2025,1,
engieapp.com,1/06/2025,1,
goshoptw.com,1/06/2025,1,
pacificpie.com,1/06/2025,1,
globallookingglass.com,1/06/2025,,
defensestudies.org,2/06/2025,,
adgregate.com,1/06/2025,,
elbaalabama.net,1/06/2025,1,
oursalsasoul.com,1/06/2025,1,
vani-dutt.com,1/06/2025,1,
gdworkinggroup.org,2/06/2025,1,
w88vnmobile.com,1/06/2025,1,
andyfairhurstart.com,17/06/2025,1,
letsbeetogether.com,1/06/2025,1,
basicresearchjournals.org,8/06/2025,,
fortisinternationalcare.com,8/06/2025,1,
springsongaviary.com,17/06/2025,1,
java---burn.com,8/06/2025,1,
ocpla.org,8/06/2025,1,
world-faiths.com,8/06/2025,1,
block22psu.com,8/06/2025,1,
last-letter-c.com,2/06/2025,1,
flaglia.com,1/06/2025,1,
steveorr.net,2/06/2025,1,
projinf.org,2/06/2025,1,
mynameiscampaign.org,2/06/2025,1,
barstowrailmuseum.org,2/06/2025,1,
voguecrafts.com,1/06/2025,,
coloradoshroomstore.org,1/06/2025,1,
ijoca.com,3/06/2025,1,
episcopalcommunity.org,3/06/2025,1,
educaccionperu.org,2/06/2025,1,
gamervw.com,1/06/2025,1,
civichealthmonth.org,1/06/2025,,
takethiswaltz.com,1/06/2025,,
qqterminal.com,3/06/2025,1,
techlogicc.com,2/06/2025,,
arcatatheater.com,1/06/2025,1,
kanyewet.biz,1/06/2025,1,
thejaguarfoundation.net,2/06/2025,1,
nootriment.com,2/06/2025,,
rssdigestpro.com,2/06/2025,1,
gitleaks.com,1/06/2025,1,
globalmagazinepulse.com,2/06/2025,,
seyhanbaskiliposet.com,2/06/2025,1,
lotusmidwest.com,2/06/2025,1,
thewhitehouseboys.com,2/06/2025,1,
wwctu.org,2/06/2025,,
c19adoption.com,2/06/2025,1,
anastasiashch.com,2/06/2025,1,
safecommunitiesma.com,2/06/2025,,
quest4camelot.com,3/06/2025,1,
theleathersjackets.com,3/06/2025,1,
fixhealthcarepolicy.com,3/06/2025,1,
vel-oh.com,3/06/2025,1,
synqq.com,31/05/2025,1,
reacttimes.org,31/05/2025,,
koteka.net,31/05/2025,1,
lisagraas.com,31/05/2025,1,
themoneystreet.com,31/05/2025,,
brownsugarstudioscle.com,31/05/2025,1,
donoharmfl.org,31/05/2025,1,
illusio.com,31/05/2025,1,
pacificbankruptcy.com,31/05/2025,1,
neilandliamfinn.com,31/05/2025,1,
xordcosmetics.com,31/05/2025,1,
agricofarm.com,31/05/2025,,
mp3-converter.biz,18/06/2025,1,
whatnetworkph.org,9/06/2025,,
stopbuyingcrap.com,9/06/2025,,
mcwcassino.com,9/06/2025,1,
omakasevape.com,9/06/2025,1,
dropelfabrics.com,10/06/2025,1,
pedfire.com,10/06/2025,1,
scooter-forums.com,19/06/2025,1,
basedmilio.com,10/06/2025,1,
luxurylifestyleguide.net,19/06/2025,,
freeplaypokies.com,10/06/2025,1,
altissimo-music.com,10/06/2025,1,
cofeemanga.org,10/06/2025,1,
cad-forums.com,10/06/2025,1,
peoplesblues.com,2/06/2025,1,
quakemap.org,3/06/2025,1,
domidollz.com,2/06/2025,1,
zontikgames.com,2/06/2025,1,
dpcustomcycles.com,2/06/2025,1,
jaredrichardson.net,2/06/2025,1,
longspeakbsa.org,3/06/2025,1,
thisisinfamous.com,2/06/2025,,
campusdoc.net,2/06/2025,1,
westernmasswomen.com,2/06/2025,1,
scopateitaliane.com,2/06/2025,1,
contextsf.org,3/06/2025,,
reasontoparty.com,2/06/2025,,
fdnyboxing.com,2/06/2025,1,
carollittle.com,2/06/2025,1,
matrixadvisorsvaluefund.com,2/06/2025,1,
theconsultation.org,3/06/2025,1,
pellepharm.com,2/06/2025,1,
lunchboxlab.com,2/06/2025,1,
couptessa.com,11/06/2025,1,
bonusverenadam4.com,11/06/2025,1,
adoptanegotiator.org,20/06/2025,1,
bay247.org,11/06/2025,1,
boxersphl.com,11/06/2025,1,
pinebluffonline.com,11/06/2025,1,
seniorcareto.com,11/06/2025,,
lovethepoem.com,11/06/2025,1,
titten-held.com,11/06/2025,1,
frameworkcycles.com,11/06/2025,1,
fancysymbol.com,21/06/2025,,
bookmark-manager.com,21/06/2025,1,
westcorzinelaw.com,12/06/2025,1,
globlecare.com,12/06/2025,,
ventsnovels.com,12/06/2025,1,
michaelgastello.com,12/06/2025,1,
njmcdiirect.org,12/06/2025,1,
hereiptv.com,12/06/2025,1,
markgoblowsky.com,12/06/2025,1,
almahmoudia.com,12/06/2025,1,
kahoot-join.com,12/06/2025,1,
battlescribe.net,5/06/2025,,
edenriverequestrian.com,5/06/2025,1,
fauxgo.com,6/06/2025,1,
livecleveland.org,6/06/2025,,
beethovenmaennerchor.com,4/06/2025,1,
educationtruthproject.org,4/06/2025,,
williamsburgmarketplace.com,7/06/2025,1,
42evolution.org,5/06/2025,1,
generica-farmacia24.com,7/06/2025,1,
aztacofestival.com,5/06/2025,1,
joeorton.org,5/06/2025,1,
beinggeekchic.com,6/06/2025,1,
nosleeprecords.com,6/06/2025,1,
beaub.org,5/06/2025,1,
ctahi.org,6/06/2025,1,
frenchbullfluffy.com,6/06/2025,1,
welcomebackinitiative.org,5/06/2025,,
hmerida.com,6/06/2025,1,
triplephinix.com,7/06/2025,1,
fnaf-apk.com,7/06/2025,1,
olympicairporter.com,7/06/2025,1,
thrivetogethernetwork.com,7/06/2025,,
theblup.com,7/06/2025,,
moran166.com,7/06/2025,1,
marginwalkerpresents.com,7/06/2025,1,
collectionsstewardship.org,6/06/2025,,
backpackwithme.org,7/06/2025,,
s10beunbeaten.com,7/06/2025,1,
letterstoevan.com,4/06/2025,1,
lovemenights.com,6/06/2025,,
cannaconnectdc.com,8/06/2025,1,
aircargoeye.com,3/06/2025,1,
thinkbilingual.org,6/06/2025,,
alexiifi.com,3/06/2025,1,
wabisabibotanicals.com,8/06/2025,1,
brushandnib.com,5/06/2025,,
loyalestudio.com,5/06/2025,,
vgrem.com,3/06/2025,1,
thefocuspull.com,3/06/2025,,
tamarindosailing.net,4/06/2025,1,
thegsmission.org,7/06/2025,,
iplaybaby.com,6/06/2025,1,
theuniquespace.com,5/06/2025,,
petedupuis.com,8/06/2025,1,
womenandgirlslead.org,7/06/2025,,
cimausa.org,8/06/2025,1,
springbokhouston.com,7/06/2025,1,
morcheeba.net,4/06/2025,1,
zontivity.com,3/06/2025,1,
defendwomensrights.org,9/06/2025,1,
bcce2014.org,7/06/2025,1,
delnortenighthawks.com,3/06/2025,1,
virginiakeygrassroots.org,3/06/2025,1,
wineandfoodtravel.com,4/06/2025,1,
mobileappsshowdown.com,5/06/2025,1,
musicgamesrock.com,8/06/2025,1,
urdirt.com,3/06/2025,,
edeps.org,5/06/2025,1,
justcoz.org,7/06/2025,,
formatt-hitech.com,7/06/2025,1,
verymarykate.com,3/06/2025,1,
nextgenjournal.com,3/06/2025,,
uptownlife.net,4/06/2025,,
kisanstore.com,6/06/2025,1,
dennisrichardson.com,6/06/2025,1,
doctorshangout.com,7/06/2025,1,
partyforthepeople.org,7/06/2025,,
ericfoleyphotography.com,3/06/2025,1,
cloudbzz.com,3/06/2025,1,
allyouneedislists.com,4/06/2025,1,
zachandjody.com,8/06/2025,1,
bigbayboatshow.com,7/06/2025,1,
ipman-movie.com,4/06/2025,1,
otherwebsite.com,6/06/2025,,
ypdbooks.com,5/06/2025,1,
slowlikehoney.net,5/06/2025,,
juliediamondfitness.com,7/06/2025,1,
thewebstermiami.com,8/06/2025,1,
vmware-land.com,8/06/2025,1,
elcaminourology.com,4/06/2025,1,
sarasotapumpkinfestival.com,4/06/2025,1,
blackisonline.com,6/06/2025,1,
portalestoria.net,6/06/2025,1,
seabirdsanctuary.com,3/06/2025,1,
article6blog.com,5/06/2025,1,
finsnation.com,5/06/2025,,
givkwik.com,8/06/2025,1,
swizframework.org,9/06/2025,,
missionbeachcafesf.com,6/06/2025,1,
bioaccel.org,8/06/2025,,
festivalpig.com,5/06/2025,1,
briancrano.com,8/06/2025,1,
kuzoo.net,3/06/2025,1,
aisinpethos.com,3/06/2025,1,
todaywithhealth.com,6/06/2025,,
americandreamzmovie.com,4/06/2025,1,
primarydocs.net,8/06/2025,,
retrolube.com,6/06/2025,1,
muttshack.com,8/06/2025,1,
classroomearth.org,5/06/2025,,
klafterolsen.com,7/06/2025,1,
paulmorrissey.org,7/06/2025,1,
nationalmerchants.com,8/06/2025,1,
gabrielsdenver.com,5/06/2025,1,
truyentranh.net,6/06/2025,1,
theinnonthelibrarylawn.com,4/06/2025,1,
odccp.org,8/06/2025,1,
nationalqualitycenter.org,8/06/2025,,
oarci.net,4/06/2025,1,
binsidetv.net,7/06/2025,1,
drralphstanley.com,3/06/2025,1,
soccachicago.com,8/06/2025,1,
kitcampus.com,7/06/2025,1,
ukroleplayers.com,5/06/2025,1,
italmelodie.com,6/06/2025,1,
internetcampus.com,8/06/2025,,
twoguysfossils.com,8/06/2025,1,
lam-mpi.org,3/06/2025,1,
abudhabichess.com,4/06/2025,1,
softaward.com,8/06/2025,,
barebackbar.com,6/06/2025,1,
signalherp.com,7/06/2025,,
dramaticweightloss.com,8/06/2025,1,
hotspotfishing.com,3/06/2025,1,
lpbc.net,4/06/2025,,
eclipsetheatre.com,8/06/2025,1,
aecnews.com,5/06/2025,1,
nounequalpay.com,3/06/2025,,
hi88k.com,8/06/2025,1,
blindcntr.org,8/06/2025,1,
newyorklatestnews.com,6/06/2025,1,
aerovek.com,6/06/2025,1,
myanmarnwayoo.com,7/06/2025,1,
luckymichigan.com,4/06/2025,1,
adgg.org,4/06/2025,,
raccpublicart.org,6/06/2025,1,
allroadstopearla.com,5/06/2025,1,
farmersfeedingutah.org,5/06/2025,1,
unpluggedairguitar.com,6/06/2025,1,
caraimica.org,9/06/2025,1,
maskfone.com,8/06/2025,1,
brandbucketmediatech.com,7/06/2025,1,
curtiscss.com,4/06/2025,1,
winterartsfest.com,5/06/2025,1,
thecentrefoldproject.org,4/06/2025,,
theclubtalks.com,6/06/2025,,
haldemanbanner.com,5/06/2025,1,
whatismeaningof.com,7/06/2025,,
hitideshop.com,6/06/2025,1,
philaniseforcongress.com,5/06/2025,1,
b3united.com,5/06/2025,1,
offbeatenough.com,8/06/2025,,
cordialcablesusa.com,6/06/2025,1,
whoarethetakers.com,8/06/2025,,
gibbonsforohio.com,7/06/2025,1,
lazybeartea.com,7/06/2025,1,
precinct52.com,4/06/2025,1,
hunanhomerestaurant.com,6/06/2025,1,
triyofitness.com,7/06/2025,,
wsl-guide.org,4/06/2025,1,
elkheadtools.com,5/06/2025,1,
acalculator.com,5/06/2025,,
pwrbttmband.com,4/06/2025,1,
optionsri.org,7/06/2025,1,
bespokenbones.com,8/06/2025,,
thealicesanctuary.com,3/06/2025,1,
uk-consumer-panels.com,7/06/2025,1,
horsethievestavern.com,8/06/2025,1,
pakstockphoto.com,8/06/2025,1,
whyaretheydead.net,5/06/2025,1,
discoverballina.com,23/06/2025,1,
justfinish.net,22/06/2025,,
appropriate-economics.org,23/06/2025,1,
corinspired.com,31/05/2025,1,
decodingannieparkerfilm.com,22/06/2025,1,
advancedmeditravel.com,22/06/2025,1,
freesbmlinksforyou.com,31/05/2025,1,
travelsbmsites.com,31/05/2025,1,
getfastestlinks.com,31/05/2025,1,
onlynaturalseo.com,31/05/2025,1,
latestsbmsiteslist.com,31/05/2025,1,
rangesbmsites.com,31/05/2025,1,
mylivebookmarks.com,31/05/2025,1,
newinterpreters.com,31/05/2025,,
icethemes.com,31/05/2025,1,
healthsbmsites.com,31/05/2025,,
listingsbmsites.com,31/05/2025,1,
freebookmarkingsites.com,31/05/2025,1,
luckyinfotech.com,31/05/2025,,
freewebsubmission.net,31/05/2025,1,
onlinewebsites.net,31/05/2025,,
topsbmsiteslist.com,31/05/2025,1,
newsbmsiteslist.com,31/05/2025,1,
onlinebacklinksforyou.com,31/05/2025,1,
myaajkaltrend.com,31/05/2025,1,
healthbookmarking.com,31/05/2025,,
submissionsiteslist.com,31/05/2025,1,
itswashington.com,31/05/2025,1,
letsgetsbmlinks.com,31/05/2025,1,
analyzedu.com,31/05/2025,,
livewebmarks.net,31/05/2025,,
rxtvlog.com,13/06/2025,1,
reminiiapks.com,13/06/2025,1,
greenmountaincrossroads.org,13/06/2025,1,
mondayroadmap.com,13/06/2025,,
insiderways.com,13/06/2025,,
honistas.com,13/06/2025,1,
thepuffington.com,13/06/2025,1,
chainsaw-dance.com,13/06/2025,1,
rewritetherules.org,13/06/2025,,
peakmag.net,13/06/2025,,
