Name,Expiry,Suitable?
express-domains.com,13/06/2025,
sarsreference.com,10/06/2025,
therapeiamassage.com,11/06/2025,1
copymathollywood.com,12/06/2025,
fl-seafood.com,12/06/2025,1
moonstoneguitars.com,9/06/2025,1
midsouthpeace.org,9/06/2025,
gplc.org,8/06/2025,
ionadas.com,10/06/2025,
commpartnership.org,11/06/2025,
tvserviceparts.com,10/06/2025,1
airvictorymuseum.org,12/06/2025,
e-businessethics.com,12/06/2025,
carloanibaldi.com,12/06/2025,1
abcinformation.org,9/06/2025,
iconverticons.com,11/06/2025,
anaheimplazahotel.com,8/06/2025,1
obxcams.com,9/06/2025,
mimech.com,9/06/2025,
indiaflint.com,10/06/2025,1
britishinkdc.com,12/06/2025,1
unwantednycpets.org,13/06/2025,
pumpkin-patch.com,13/06/2025,
mojavehistory.com,13/06/2025,
stgeorgeofethiopia.com,9/06/2025,1
sem-group.net,9/06/2025,
rteforumindia.org,10/06/2025,
homesteadseattle.com,10/06/2025,1
thefirehousespace.org,8/06/2025,
foreveryogurt.com,8/06/2025,1
assistedsuicide.org,8/06/2025,1
truckeroodc.com,9/06/2025,
pdsounds.org,10/06/2025,
nurturehq.com,10/06/2025,
ww2panorama.org,11/06/2025,1
burntlumpiablog.com,11/06/2025,
school-bites.com,10/06/2025,
glenlyn.org,10/06/2025,
elmcare.com,11/06/2025,
bokehmasterskit.com,12/06/2025,1
mchspa.org,13/06/2025,
vfsglobal-ie-ng.com,12/06/2025,1
onlinereviewlondon.com,7/06/2025,1
amsallahabad.org,10/06/2025,
theprepschoolnegro.org,9/06/2025,1
facialwasting.org,9/06/2025,
centennialicearena.com,9/06/2025,1
signinsheets.org,11/06/2025,
aubiz.org,10/06/2025,
newblackfilm.com,11/06/2025,1
the100bestfleets.com,11/06/2025,1
nwtsg.org,12/06/2025,
cbpartners.org,11/06/2025,
trilibis.com,12/06/2025,1
nanosolutionsfp7.com,13/06/2025,
tamashiromarket.com,12/06/2025,1
tflta.org,12/06/2025,1
dolcevillari.com,8/06/2025,1
humanbusinessworks.com,8/06/2025,
yourekascience.org,13/06/2025,
helplinedatabase.com,13/06/2025,
forgiveness-institute.org,9/06/2025,
browardcrime.org,9/06/2025,1
micom.net,9/06/2025,1
aftertheharvestkc.org,9/06/2025,
vgsummit.com,9/06/2025,
scbt.org,10/06/2025,
azht.net,13/06/2025,
ldvrestaurant.net,10/06/2025,1
talukdar.net,10/06/2025,1
pittsfieldsuns.com,11/06/2025,1
skillmanandhackett.com,11/06/2025,
communityplanningtoolkit.org,12/06/2025,
programmer-art.org,8/06/2025,1
bukchon72.com,13/06/2025,
wift.org,7/06/2025,
hauntedplacesinamerica.com,9/06/2025,1
whatissocialnetworking.com,10/06/2025,
linwang.info,12/06/2025,1
naresearchpartnership.org,9/06/2025,
forgottenkingdomthemovie.com,8/06/2025,1
thinkersmith.org,9/06/2025,
artintheworld.net,8/06/2025,
ahhsweho.com,9/06/2025,1
antrimhousebooks.com,9/06/2025,1
cardlifegame.com,10/06/2025,
wetpaintchicago.com,11/06/2025,
homelessconnections.net,12/06/2025,1
southerngospeltimes.com,12/06/2025,1
cadtc.org,11/06/2025,
thepancard.com,11/06/2025,
icn-apnetwork.org,13/06/2025,
nibbana.com,12/06/2025,
thenewsreports.com,13/06/2025,
btemodels.com,12/06/2025,
shopaddonics.com,8/06/2025,1
modernhomedesignshowroom.com,11/06/2025,
formatex.info,10/06/2025,
furnish123quadcities.com,8/06/2025,1
globaldogbreeds.com,8/06/2025,1
villagegrillraleigh.com,9/06/2025,1
100megspop3.com,9/06/2025,1
in-corfu.com,10/06/2025,1
charlesfigley.com,10/06/2025,1
stillbirthstories.org,10/06/2025,1
iupac2017.org,11/06/2025,1
upethnom.com,11/06/2025,1
worldofgamesonline.com,12/06/2025,1
eservercomputing.com,9/06/2025,1
thorbjornolesen.com,12/06/2025,1
vcoteam.info,12/06/2025,1
lumrix.net,12/06/2025,1
intersectfund.org,8/06/2025,1
usgbc-centraltexas.org,9/06/2025,1
terramovement.com,9/06/2025,
biocellection.com,10/06/2025,
healthpolicyinitiative.com,12/06/2025,
r6stats.com,12/06/2025,1
theculturehigh.com,8/06/2025,
charlesshaughnessy.com,8/06/2025,1
backyardsodas.com,9/06/2025,
fatdaddysmaui.com,9/06/2025,1
albanycountyda.com,9/06/2025,1
washingtonparkpdx.org,9/06/2025,
bravonader.com,7/06/2025,1
instituteb.com,10/06/2025,
simpleavr.com,11/06/2025,
stemsontx.com,11/06/2025,1
oceanosanos.org,10/06/2025,1
zerocarbonyorkshire.org,13/06/2025,
elbrunos.com,12/06/2025,1
arnenixoncenter.org,12/06/2025,1
bruceoldfield.com,7/06/2025,1
aldenpinesgolf.com,13/06/2025,
joyridelabs.de,8/06/2025,
weduary.com,8/06/2025,1
leaksmart.com,13/06/2025,
agapeatpgroup.com,13/06/2025,
activ8social.com,10/06/2025,
childhoodmatters.org,10/06/2025,
ninewall.com,10/06/2025,
maedchenschule.org,10/06/2025,1
prequelsstrikeback.com,8/06/2025,1
microgrid-solar.com,8/06/2025,1
fourstacksbrewing.com,9/06/2025,1
coderstats.net,11/06/2025,1
churchesthatheal.com,8/06/2025,1
midwestbarbercollege.com,10/06/2025,1
icce2023.com,9/06/2025,1
theblinkdate.com,9/06/2025,
lowdownbrewery.com,11/06/2025,1
blondiespv.com,11/06/2025,1
createhighland.com,11/06/2025,
xpgamejobs.com,11/06/2025,1
thegeneralgreene.com,12/06/2025,
theredbricktapandgrill.com,12/06/2025,1
jrichardstevens.com,12/06/2025,1
covid-local.org,13/06/2025,
breakevenbeermakers.com,13/06/2025,
codingbee.net,8/06/2025,1
axcellahealth.com,8/06/2025,
beatfreeksyouthtrends.com,9/06/2025,
pizzasquaredsf.com,9/06/2025,
therapielife.com,10/06/2025,1
dextrousrobotics.com,9/06/2025,1
patientfriendlydental.com,11/06/2025,1
goghsanantonio.com,10/06/2025,1
trailsmomentum.com,10/06/2025,
dwaynesimages.com,12/06/2025,1
mydriftfun.com,12/06/2025,
booksforamerica.org,11/06/2025,1
azdencorp.com,12/06/2025,1
silverflows.com,11/06/2025,1
lebistrowv.com,12/06/2025,1
kingdomtowerskyscraper.com,8/06/2025,1
woahstork.com,8/06/2025,1
uprisingbakeryandcafe.com,13/06/2025,
bitblinx.com,13/06/2025,
joanneburkejewels.com,13/06/2025,
backdropoutlet.com,9/06/2025,1
climatechoice.co,11/06/2025,
techbikers.com,12/06/2025,1
secretsinplainsight.com,8/06/2025,
huntingretrieverclub.org,9/06/2025,1
stackrole.com,9/06/2025,
naturesmartcities.com,9/06/2025,
justusbooksonlinestore.com,10/06/2025,1
helpingpeoplenc.com,10/06/2025,
cxday.org,11/06/2025,
boudhanathstupa.org,9/06/2025,1
vivskitchencc.com,10/06/2025,1
driveakron.com,11/06/2025,1
thebusinessberg.com,12/06/2025,
usaidschep.org,13/06/2025,
o-trim.co,13/06/2025,
pretty-frank.com,13/06/2025,
iamarshad.com,13/06/2025,
grandportfolio.com,9/06/2025,
livinginegypt.org,8/06/2025,1
rcommunications.com,8/06/2025,
australianforex.org,8/06/2025,1
cyprusnewsreport.com,10/06/2025,1
uptomods.com,10/06/2025,1
wattsproject.org,12/06/2025,
bouncymustard.com,10/06/2025,1
moroccangoldseries.com,11/06/2025,1
playprologue.com,11/06/2025,
dkrenewal.com,12/06/2025,1
breezekings.com,9/06/2025,1
sa-yes.com,9/06/2025,1
shawnjohnson.net,13/06/2025,
deepaksguide.com,13/06/2025,
airkayaks.com,13/06/2025,
altairinternationalcorp.com,13/06/2025,
inlandempiresbdc.org,12/06/2025,1
censuspc.com,9/06/2025,
guru-office.com,9/06/2025,1
awtsport.com,9/06/2025,1
bowmanextra.com,10/06/2025,1
org-ru.com,10/06/2025,1
trashday.co,12/06/2025,
lawbot.co,8/06/2025,
theglobalsummit.org,8/06/2025,
smobilesystems.com,8/06/2025,1
morningroutineapp.com,8/06/2025,1
centeredlogic.com,9/06/2025,
allknittingpatterns.com,9/06/2025,1
metrometaldetectors.com,13/06/2025,
alboradafilms.net,9/06/2025,1
crosscurrentsradio.org,11/06/2025,1
chicpop.net,9/06/2025,1
lorieshaull.com,10/06/2025,1
hivesters.com,11/06/2025,
raoiit.com,11/06/2025,1
codelani.com,10/06/2025,1
zoombikeshare.com,12/06/2025,1
thejmceffect.com,10/06/2025,
plasticpolluters.org,9/06/2025,
funkanu.com,9/06/2025,1
fastboyfenders.com,9/06/2025,1
psubuntu.com,13/06/2025,
iminathimedia.com,8/06/2025,
cope-scotland.org,10/06/2025,1
ruralwellbeing.org,10/06/2025,
vrjunkies.com,13/06/2025,
fontchangerguru.com,13/06/2025,
mangoshomekitchen.com,11/06/2025,
mentorsunlocked.com,12/06/2025,
musicianwithadayjob.com,12/06/2025,1
flappy-bird.io,12/06/2025,1
srilankafootball.com,13/06/2025,
viskaconsultants.com,13/06/2025,
landmadebeer.com,13/06/2025,
orangecountysbdc.org,12/06/2025,
whitehatranker.com,13/06/2025,
neonjs.com,7/06/2025,1
onqtam.com,9/06/2025,1
streetfighterduel.io,11/06/2025,1
everythingidoiswrong.org,10/06/2025,
mantsho.co,8/06/2025,1
youthrisetx.org,12/06/2025,
myearthgarden.com,8/06/2025,
world-sprintcar-guide.com,11/06/2025,1
cavalaricacomporta.com,10/06/2025,1
derbyramtrail.org,11/06/2025,1
mundus.co,12/06/2025,1
need2text.com,13/06/2025,
lifeofcoding.com,8/06/2025,1
trade-pals.com,10/06/2025,
kovach.me,10/06/2025,1
worldendurorally.com,8/06/2025,
thevitalsapp.com,8/06/2025,1
docademic.com,13/06/2025,
cubismlaw.com,8/06/2025,1
melbournefest.com,13/06/2025,
frapsforum.com,9/06/2025,1
vettechtrek.com,9/06/2025,1
politiplatform.com,10/06/2025,
retrocollegecuts.com,11/06/2025,1
earlybirdbreakfastclub.com,8/06/2025,
fuzionproscooter.com,12/06/2025,1
thatsquality.com,12/06/2025,
techguide.io,8/06/2025,1
waterfordlismore.com,7/06/2025,1
pacoteturismo.com,13/06/2025,
tkingauto.com,13/06/2025,
earthpm.com,9/06/2025,
simplyplayfulfare.com,8/06/2025,1
talkingplanet.net,10/06/2025,
cityhyd.info,9/06/2025,1
ironhen.com,8/06/2025,
tijuana-picnic.com,9/06/2025,1
cronzy.com,9/06/2025,1
ng-bolivia.org,9/06/2025,1
energyandresourcesdigest.com,11/06/2025,1
smallbusinessoc.org,12/06/2025,1
wisconsineagle.com,10/06/2025,1
damsonjellyacademy.com,13/06/2025,
brainsciencefoundation.org,9/06/2025,1
bargaintheatreland.com,9/06/2025,1
bitterpoison.com,10/06/2025,
sotela.co,8/06/2025,1
movingujunku.com,9/06/2025,1
dubaiwalls.com,11/06/2025,1
iterasi.net,12/06/2025,1
videoonwikipedia.org,13/06/2025,
pixieapp.co,12/06/2025,1
112weddingsmovie.com,8/06/2025,1
gamhtickets.com,8/06/2025,1
agil8.com,9/06/2025,
appliancejunk.com,9/06/2025,1
howto-pets.com,9/06/2025,1
spaldingeducationstore.org,11/06/2025,1
shoppingiblog.com,13/06/2025,
thedayafter-sy.org,8/06/2025,
websci24.org,11/06/2025,1
celebstrendnow.com,10/06/2025,1
licenselinks.com,9/06/2025,
475lefilm.org,11/06/2025,1
fastwp.net,11/06/2025,1
gmwurtzel.com,10/06/2025,1
francescmm.com,10/06/2025,1
advicebeast.com,9/06/2025,
drchristophernewman.com,11/06/2025,1
berhan.co,12/06/2025,1
hackthenormal.com,12/06/2025,
geo4nonpro.org,8/06/2025,1
spaceshopcommerce.com,8/06/2025,1
henryandmarty.com,10/06/2025,1
seotakeaways.com,9/06/2025,
upsize24.com,9/06/2025,1
loxodrome.io,11/06/2025,1
museumdevelopmentnetwork.org,10/06/2025,
lawlavinflorida.com,10/06/2025,1
commonground-health.com,10/06/2025,
afordel.com,7/06/2025,1
boldandpop.com,8/06/2025,
washingtondcboxedlunches.com,9/06/2025,1
pagespineficshowcase.com,8/06/2025,1
1upsoftware.com,8/06/2025,1
dnipress.com,10/06/2025,1
censorbugbear.org,8/06/2025,1
insponetwork.com,11/06/2025,
inourpond.com,13/06/2025,
cheapnbajerseys.cc,8/06/2025,1
digitalcinemacafe.com,10/06/2025,1
woobeginner.com,7/06/2025,
nationalenquireruk.com,9/06/2025,1
slimstickets.com,10/06/2025,1
catherletters.org,9/06/2025,
makemotherhooddiverse.com,11/06/2025,
thepublishingherald.com,8/06/2025,
12iacc.org,9/06/2025,1
bmoharrisbradleycenter.com,10/06/2025,1
kweekies.com,12/06/2025,1
theinfoblog.com,11/06/2025,
raleighbtc.org,12/06/2025,1
123top.info,12/06/2025,1
kubrickcollection.com,11/06/2025,1
vuiphim.net,11/06/2025,1
zeus-publications.com,11/06/2025,
lamonitor.com,11/06/2025,1
grandestagency.com,11/06/2025,
8020publishing.com,11/06/2025,
tianscar.com,13/06/2025,
slciconference.com,13/06/2025,
myspiritsphere.com,13/06/2025,
basicresearchjournals.org,8/06/2025,
fortisinternationalcare.com,8/06/2025,
virtual-red-dot.info,8/06/2025,1
ginrummy.me,8/06/2025,1
whatnetworkph.org,9/06/2025,
stopbuyingcrap.com,9/06/2025,1
mcwcassino.com,9/06/2025,1
dropelfabrics.com,10/06/2025,1
thenelsonpost.ca,10/06/2025,
pedfire.com,10/06/2025,
cofeemanga.org,10/06/2025,1
boxersphl.com,11/06/2025,1
binaryfreedom.info,11/06/2025,
westcorzinelaw.com,12/06/2025,1
frameworkcycles.com,11/06/2025,1
outsideinterests.info,11/06/2025,1
ventsnovels.com,12/06/2025,1
michaelgastello.com,12/06/2025,1
animalcafe.co,12/06/2025,1
njmcdiirect.org,12/06/2025,1
almahmoudia.com,12/06/2025,1
referendum-2011.info,12/06/2025,1
kahoot-join.com,12/06/2025,1
ssoportal.co,8/06/2025,
cimausa.org,8/06/2025,1
musicgamesrock.com,8/06/2025,1
defendwomensrights.org,9/06/2025,1
themecloud.co,8/06/2025,
thewebstermiami.com,8/06/2025,1
vmware-land.com,8/06/2025,
zachandjody.com,8/06/2025,1
givkwik.com,8/06/2025,1
swizframework.org,9/06/2025,
bioaccel.org,8/06/2025,
briancrano.com,8/06/2025,1
nationalmerchants.com,8/06/2025,1
odccp.org,8/06/2025,
nationalqualitycenter.org,8/06/2025,
internetcampus.com,8/06/2025,
soccachicago.com,8/06/2025,1
softaward.com,8/06/2025,
eclipsetheatre.com,8/06/2025,1
blindcntr.org,8/06/2025,1
caraimica.org,9/06/2025,1
maskfone.com,8/06/2025,1
offbeatenough.com,8/06/2025,
goodspeed.io,8/06/2025,
transawareness.org,8/06/2025,1
whoarethetakers.com,8/06/2025,
bespokenbones.com,8/06/2025,
mobiexplore.com,8/06/2025,1
lifesentencesblog.com,8/06/2025,
hawaiianreggae.org,8/06/2025,1
theknockoffeconomy.com,9/06/2025,
pointclickswitch.com,9/06/2025,1
olivolabs.com,9/06/2025,1
the-kuwaitis.com,9/06/2025,1
bendifulblog.com,9/06/2025,
ilvicinatochicago.com,9/06/2025,1
dougfinke.com,9/06/2025,1
metroparkmacau.com,9/06/2025,1
guyanajournal.com,9/06/2025,
pimatucsonhomebuyers.com,9/06/2025,1
mad4flash.com,9/06/2025,1
dpsbulandshahr.org,10/06/2025,1
theplasmacentre.com,9/06/2025,1
petnews2day.com,9/06/2025,1
heyiamindians.com,9/06/2025,1
leadbloging.com,9/06/2025,
reclaimingdetroit.org,10/06/2025,1
rxtvlog.com,13/06/2025,
greenmountaincrossroads.org,13/06/2025,
mondayroadmap.com,13/06/2025,
chainsaw-dance.com,13/06/2025,
rewritetherules.org,13/06/2025,
peakmag.net,13/06/2025,
bestantiviruspro.org,8/06/2025,1
sassymamainla.com,9/06/2025,1
cequentconsumerproducts.com,10/06/2025,1
donthatethegeek.com,10/06/2025,
blankitcomics.com,10/06/2025,1
thesecretfootballer.com,10/06/2025,1
searchevaluator.com,9/06/2025,
odrandconsumers2010.org,11/06/2025,1
mondobizzarro.net,9/06/2025,1
canadianbusinesschicks.com,10/06/2025,1
honadvblogs.com,10/06/2025,1
unsettledaccount.com,10/06/2025,
revmsg.net,10/06/2025,1
tagtvonline.com,10/06/2025,1
nobosh.com,10/06/2025,
educationprotips.com,10/06/2025,
claim-il.org,11/06/2025,
artisannews.com,10/06/2025,
runegame.com,9/06/2025,
mbkievfashiondays.com,10/06/2025,1
politicsofpretty.com,10/06/2025,
321area.com,10/06/2025,1
mactel-linux.org,11/06/2025,1
louisianamudfest.com,10/06/2025,1
namun-music.com,10/06/2025,1
surahalmulk.net,10/06/2025,1
ntdenvision.org,12/06/2025,
dailydesigninspiration.com,11/06/2025,
pendletonumc.com,10/06/2025,1
aquifi.com,11/06/2025,
barnandcompany.com,11/06/2025,1
qe2fields.com,11/06/2025,1
publicsafetydataportal.org,12/06/2025,
thepersianfusion.com,11/06/2025,1
aroundtheoctagon.com,11/06/2025,
brownskin.net,11/06/2025,1
junctionpublishing.org,12/06/2025,
humanrightsproject.org,12/06/2025,1
outwordsbooks.com,11/06/2025,1
plainfieldchamber.com,10/06/2025,1
soccer-fans-info.com,11/06/2025,1
mountain-lodging.com,10/06/2025,1
masonindiawest.org,12/06/2025,1
electdarrylglenn.com,11/06/2025,1
robwilsonmp.com,11/06/2025,1
poochhotel.com,11/06/2025,1
fakejoerogan.com,11/06/2025,
baflaos.com,11/06/2025,1
wed2016.com,11/06/2025,1
jgec.org,12/06/2025,
dorcichfamilyvineyards.com,11/06/2025,1
doingmeditation.com,11/06/2025,
republicbargh.com,8/06/2025,1
clambake.org,10/06/2025,1
igennie.net,11/06/2025,1
mnpschildrenfirst.com,11/06/2025,1
unorthodoxepicure.com,12/06/2025,1
electiopublishing.com,12/06/2025,
thepostseattle.com,12/06/2025,1
rcawashington.org,13/06/2025,
interfaxenergy.com,11/06/2025,1
theartstack.com,12/06/2025,
newsradio1067.com,11/06/2025,1
barlowpdx.com,12/06/2025,1
liquidsandsolids.com,12/06/2025,1
somoconcerts.com,12/06/2025,1
lovestylelife.com,12/06/2025,
thesweatsocial.com,12/06/2025,
tableforthreeplease.com,12/06/2025,1
kijubi.com,12/06/2025,1
visitapuerto.com,12/06/2025,1
miki-maru.com,11/06/2025,1
cardborigami.org,13/06/2025,
foster08.com,12/06/2025,1
thevirtualchurch.com,12/06/2025,1
callrc.com,12/06/2025,1
seaotterresearch.org,13/06/2025,
ishida-ichiryu.com,12/06/2025,1
therewiredsoul.com,12/06/2025,
miniditorestaurant.com,11/06/2025,1
londoncarfreeday.com,11/06/2025,1
lisbdnet.com,12/06/2025,1
kosushimiami.com,12/06/2025,1
mylegacylist.com,12/06/2025,
gttrade.io,12/06/2025,1
psychologycharts.com,12/06/2025,
25pr.com,12/06/2025,1
heimlichinstitute.com,12/06/2025,1
fotoflock.com,11/06/2025,
allinsuranceinfo.org,7/06/2025,1
promqueen.tv,7/06/2025,1
brickstreetview.com,7/06/2025,
bluechipmag.com,7/06/2025,
bigedscitymarket.com,9/06/2025,
ajblive.com,9/06/2025,
udconnection.com,7/06/2025,1
newcommreview.com,7/06/2025,
typographichub.org,7/06/2025,1
oraclehumor.com,9/06/2025,1
doctorscorecard.com,10/06/2025,
atu2blog.com,10/06/2025,1
removemalwarevirus.com,12/06/2025,1
addsera.com,13/06/2025,
thewilliamsproject.org,12/06/2025,1
punecutie.com,12/06/2025,1
wisewomencanada.com,13/06/2025,
naomiscottmusic.com,13/06/2025,
peterheller.net,13/06/2025,
articlesalley.com,13/06/2025,
kemjs.com,13/06/2025,
palazzoartinapoli.net,13/06/2025,
spacefacebooks.com,13/06/2025,
dementiatoday.com,13/06/2025,
retrocinema4.com,13/06/2025,
allneonsigns.com,13/06/2025,
mandoxglobal.com,12/06/2025,1
showlowmuseum.com,12/06/2025,1
olivepixel.com,13/06/2025,
cheetahherders.com,13/06/2025,
techgamingworld.com,12/06/2025,
sanyoumaru.com,12/06/2025,1
zeersafe.com,13/06/2025,
memorialtrailicehouse.com,13/06/2025,
communalnews.com,13/06/2025,
vankahvalti-evi.com,13/06/2025,
techinstanavigation.com,13/06/2025,
thehalfwaypoint.net,8/06/2025,
giverespect.org,8/06/2025,
4sqday.com,8/06/2025,1
team-2012.com,8/06/2025,1
freshyolabel.com,8/06/2025,
madawaskahistorical.org,8/06/2025,1
icanhasinternets.com,8/06/2025,1
kidsdonations.org,8/06/2025,1
tifofootball.com,8/06/2025,1
spring3d.net,8/06/2025,1
usairwaysmag.com,8/06/2025,
tainavi-shop.com,13/06/2025,
dekkosalon.com,13/06/2025,
emo2019.org,13/06/2025,
makercitybook.com,13/06/2025,
hummingbirdcandleco.com,13/06/2025,
entamega.com,13/06/2025,
thebrief.io,10/06/2025,
mechcrunch.com,7/06/2025,
ethnonet-africa.org,9/06/2025,1
jackmizesupport.com,9/06/2025,1
trueblood-news.com,9/06/2025,
fabulaes.com,9/06/2025,1
hilarynews.com,9/06/2025,1
techvanguards.com,9/06/2025,1
the-pavilion-cafe.com,9/06/2025,1
oliviabouler.net,9/06/2025,1
texasteachingfanatic.com,9/06/2025,1
emnmeeting.org,9/06/2025,1
alphaclone.com,9/06/2025,
aggua.io,11/06/2025,1
amhersttimes.com,10/06/2025,1
edtechnot.com,9/06/2025,
digital-rights.net,10/06/2025,1
billsgab.com,10/06/2025,
iappsbuzz.com,12/06/2025,1
nypheart.org,10/06/2025,1
raisedbyculture.com,10/06/2025,
abortionreview.org,10/06/2025,1
medicine-pet.com,10/06/2025,1
portail-menton.com,10/06/2025,1
wallysonmills.com,10/06/2025,1
worldhealthcareblog.org,10/06/2025,
patadome-theatre.com,12/06/2025,1
tjformal.com,9/06/2025,
whereismypizero.com,9/06/2025,1
teluguportal.net,10/06/2025,1
sarahsdogs.com,10/06/2025,1
potemkinreview.com,10/06/2025,1
algerie-direct.net,10/06/2025,1
